,device_number,device_description,site,work_order_number,work_order_priority_description,wo_type_description,problem_reported,lot_year,num_parts_from_storeroom,num_parts_from_po,repair_part_number,repair_part_name,repair_part_stocktype,total_parts_used
662,JMRC,JMRC Instrumentation System,Germany - Hohenfels,DR6303044,Bench/Depot Repair,Corrective COR,2014-05-29 04:16:43,6.0,1.0,0.0,154077,"INTERFACE ASSY,BMP2C",REPAIRABLE,1.0
791,JMRC,JMRC Instrumentation System,Germany - Hohenfels,6462440,Corrective Maintenance,Corrective COR,2014-09-10 11:43:26,6.0,1.0,0.0,APPLE-LED-27,"APPLE LED CINEMA 27"" WIDESCREENDISPLAY",REPAIRABLE,1.0
6849,JMRC,JMRC Instrumentation System,Germany - Hohenfels,6594033,Corrective Maintenance,Corrective COR,2014-12-04 08:52:25,6.0,1.0,0.0,MD771A61,Mac Pro: Customed Configured-Two 3.06GHz,REPAIRABLE,1.0
8014,JMRC,JMRC Instrumentation System,Germany - Hohenfels,6594119,Corrective Maintenance,Corrective COR,2014-12-04 09:29:44,6.0,1.0,0.0,F1DD104L,BELKIN 4 PORT DVI USB W/DVI-D KVM,REPAIRABLE,1.0
11829,JMRC,JMRC Instrumentation System,Germany - Hohenfels,6410891,Corrective Maintenance,Corrective COR,2014-08-08 05:10:11,6.0,1.0,0.0,MIX10NG2,Stereo Mixer System,REPAIRABLE,1.0
12564,JMRC,JMRC Instrumentation System,Germany - Hohenfels,6600991,Corrective Maintenance,Corrective COR,2014-12-10 04:39:35,6.0,1.0,0.0,T875-25-8250-R,RECEIVER,REPAIRABLE,1.0
14397,JMRC,JMRC Instrumentation System,Germany - Hohenfels,6557312,Corrective Maintenance,Corrective COR,2014-11-11 08:35:36,6.0,1.0,0.0,MIX10NG2,Stereo Mixer System,REPAIRABLE,1.0
14399,JMRC,JMRC Instrumentation System,Germany - Hohenfels,6557321,Corrective Maintenance,Corrective COR,2014-11-11 08:39:33,6.0,1.0,0.0,60-1021-000175,CUSTOM SMX SYSTEM LX0X,REPAIRABLE,1.0
16518,JMRC,JMRC Instrumentation System,Germany - Hohenfels,6274574,Corrective Maintenance,Corrective COR,2014-05-09 00:54:25,6.0,1.0,0.0,TR411,"TRANSCEIVERS, 360-37 MHZ",REPAIRABLE,1.0
16519,JMRC,JMRC Instrumentation System,Germany - Hohenfels,6274574,Corrective Maintenance,Corrective COR,2014-05-09 00:54:25,6.0,1.0,0.0,TR411,"TRANSCEIVERS, 360-37 MHZ",REPAIRABLE,1.0
16618,JMRC,JMRC Instrumentation System,Germany - Hohenfels,6506281,Corrective Maintenance,Corrective COR,2014-10-06 11:08:00,6.0,1.0,0.0,TR411,"TRANSCEIVERS, 360-37 MHZ",REPAIRABLE,1.0
16619,JMRC,JMRC Instrumentation System,Germany - Hohenfels,6506281,Corrective Maintenance,Corrective COR,2014-10-06 11:08:00,6.0,1.0,0.0,TR411,"TRANSCEIVERS, 360-37 MHZ",REPAIRABLE,1.0
16739,JMRC,JMRC Instrumentation System,Germany - Hohenfels,6493588,Corrective Maintenance,Corrective COR,2014-09-29 04:28:04,6.0,1.0,0.0,KAA4040,"AMPLIFIER,  POWER AR KALMUS 500W 10-100MHZ",REPAIRABLE,1.0
16891,JMRC,JMRC Instrumentation System,Germany - Hohenfels,6513779,Corrective Maintenance,Corrective COR,2014-09-28 06:00:00,6.0,1.0,0.0,T23-129-075-1,"LCD, 24 push-button keys, rack mount (2 RU)",REPAIRABLE,1.0
16989,JMRC,JMRC Instrumentation System,Germany - Hohenfels,6214273,Corrective Maintenance,Corrective COR,2014-04-03 02:49:05,5.0,1.0,0.0,R9860923,Controller. Barco,REPAIRABLE,1.0
17206,JMRC,JMRC Instrumentation System,Germany - Hohenfels,6271738,Corrective Maintenance,Corrective COR,2014-05-07 09:23:17,6.0,1.0,0.0,NP 4001,NEC  Projector 4001 Lens,REPAIRABLE,1.0
17262,JMRC,JMRC Instrumentation System,Germany - Hohenfels,6405088,Corrective Maintenance,Corrective COR,2014-08-05 02:43:00,6.0,1.0,0.0,HD2014+FL-CD3+2PS+AA2,1RU MULTI-PATH VIDEO CONVERTER FRAME SYNCHRONIZER,REPAIRABLE,1.0
17303,JMRC,JMRC Instrumentation System,Germany - Hohenfels,6507890,Corrective Maintenance,Corrective COR,2014-10-08 10:00:00,6.0,1.0,0.0,MIX10NG2,Stereo Mixer System,REPAIRABLE,1.0
17304,JMRC,JMRC Instrumentation System,Germany - Hohenfels,6507890,Corrective Maintenance,Corrective COR,2014-10-08 10:00:00,6.0,1.0,0.0,MIX10NG2,Stereo Mixer System,REPAIRABLE,1.0
17654,JMRC,JMRC Instrumentation System,Germany - Hohenfels,6245774,Corrective Maintenance,Corrective COR,2014-04-24 13:00:50,5.0,1.0,0.0,60-477-01,VSC700 HIGH RESOL COMP TO VIDEO CONVERTER,REPAIRABLE,1.0
17663,JMRC,JMRC Instrumentation System,Germany - Hohenfels,6022204,Corrective Maintenance,Corrective COR,2013-11-18 02:18:39,5.0,1.0,0.0,NLE-1616VHDES,Sierra NLE 16x16 Composite Video,REPAIRABLE,1.0
17667,JMRC,JMRC Instrumentation System,Germany - Hohenfels,6310757,Corrective Maintenance,Corrective COR,2014-06-02 06:57:00,6.0,1.0,0.0,NEC NP 1150,PROJECTOR NEC,REPAIRABLE,1.0
17682,JMRC,JMRC Instrumentation System,Germany - Hohenfels,6176263,Corrective Maintenance,Corrective COR,2014-03-12 06:30:30,5.0,1.0,0.0,CPL-17A,"ILLUMINATOR, IR",REPAIRABLE,1.0
18092,JMRC,JMRC Instrumentation System,Germany - Hohenfels,6395185,Corrective Maintenance,Corrective COR,2014-07-29 08:12:33,6.0,1.0,0.0,PE1950,"SERVER, POWEREDGE 1950, DELL",REPAIRABLE,1.0
18157,JMRC,JMRC Instrumentation System,Germany - Hohenfels,6681211,Corrective Maintenance,Corrective COR,2015-02-11 02:38:03,6.0,1.0,0.0,R9860923,Controller. Barco,REPAIRABLE,1.0
18198,JMRC,JMRC Instrumentation System,Germany - Hohenfels,6185399,Corrective Maintenance,Corrective COR,2014-03-19 10:14:59,5.0,1.0,0.0,CPL-17A,"ILLUMINATOR, IR",REPAIRABLE,1.0
18233,JMRC,JMRC Instrumentation System,Germany - Hohenfels,6670488,Corrective Maintenance,Corrective COR,2015-02-04 06:54:00,6.0,1.0,0.0,IMS 212,4 Channel Pre-Amp,REPAIRABLE,1.0
18252,JMRC,JMRC Instrumentation System,Germany - Hohenfels,6142340,Corrective Maintenance,Corrective COR,2014-02-21 03:33:18,5.0,1.0,0.0,MD771A61,Mac Pro: Customed Configured-Two 3.06GHz,REPAIRABLE,1.0
18253,JMRC,JMRC Instrumentation System,Germany - Hohenfels,6142340,Corrective Maintenance,Corrective COR,2014-02-21 03:33:18,5.0,1.0,0.0,MD771A61,Mac Pro: Customed Configured-Two 3.06GHz,REPAIRABLE,1.0
18260,JMRC,JMRC Instrumentation System,Germany - Hohenfels,6252841,Corrective Maintenance,Corrective COR,2014-04-28 07:30:40,5.0,1.0,0.0,TR411,"TRANSCEIVERS, 360-37 MHZ",REPAIRABLE,1.0
18273,JMRC,JMRC Instrumentation System,Germany - Hohenfels,6651927,Corrective Maintenance,Corrective COR,2015-01-27 12:18:18,6.0,1.0,0.0,SR-DVM700US,"VIDEO RECORDER, 3 IN 1, DV/DVD/HD, JVC",REPAIRABLE,1.0
18425,JMRC,JMRC Instrumentation System,Germany - Hohenfels,6577909,Corrective Maintenance,Corrective COR,2014-11-24 03:32:36,6.0,1.0,0.0,1520R-S300,"TIME SERVER, GPS NETWORK, SYMMETRICOM SYNCSERVER S300",REPAIRABLE,1.0
18465,JMRC,JMRC Instrumentation System,Germany - Hohenfels,6603135,Corrective Maintenance,Corrective COR,2014-12-12 06:30:23,6.0,1.0,0.0,VOSTRO 200,Dell Vostro 200 Mini Tower,REPAIRABLE,1.0
18481,JMRC,JMRC Instrumentation System,Germany - Hohenfels,6725288,Corrective Maintenance,Corrective COR,2015-03-11 05:19:55,6.0,1.0,0.0,V-R82DP-HD,"Screen, Duel 8.4"", HDSDI-MultiFormat",REPAIRABLE,1.0
18482,JMRC,JMRC Instrumentation System,Germany - Hohenfels,6725288,Corrective Maintenance,Corrective COR,2015-03-11 05:19:55,6.0,1.0,0.0,V-R82DP-HDSDI,"MARSHALL HDSDI 8.4"" DUAL RACK MOUNT LCD",REPAIRABLE,1.0
18493,JMRC,JMRC Instrumentation System,Germany - Hohenfels,6409114,Corrective Maintenance,Corrective COR,2014-08-05 07:00:00,6.0,1.0,0.0,PHASER 7400DN,Phaser 7400 Copier/Printer,REPAIRABLE,1.0
18497,JMRC,JMRC Instrumentation System,Germany - Hohenfels,6294500,Corrective Maintenance,Corrective COR,2014-05-23 05:09:00,6.0,1.0,0.0,NP1150,"Projector, LCD NEC",REPAIRABLE,1.0
18557,JMRC,JMRC Instrumentation System,Germany - Hohenfels,6245732,Corrective Maintenance,Corrective COR,2014-04-24 07:00:26,5.0,1.0,0.0,PE1950,"SERVER, POWEREDGE 1950, DELL",REPAIRABLE,1.0
18790,JMRC,JMRC Instrumentation System,Germany - Hohenfels,6689944,Corrective Maintenance,Corrective COR,2015-02-18 04:03:44,6.0,1.0,0.0,MIX10NG2,Stereo Mixer System,REPAIRABLE,1.0
18819,JMRC,JMRC Instrumentation System,Germany - Hohenfels,6574786,Corrective Maintenance,Corrective COR,2014-11-21 03:47:07,6.0,1.0,0.0,414332,"ACER 21,5 TFT P226HQVBD",REPAIRABLE,1.0
18890,JMRC,JMRC Instrumentation System,Germany - Hohenfels,6703760,Corrective Maintenance,Corrective COR,2015-03-02 01:00:00,6.0,1.0,0.0,SR-DVM700US,"VIDEO RECORDER, 3 IN 1, DV/DVD/HD, JVC",REPAIRABLE,1.0
18939,JMRC,JMRC Instrumentation System,Germany - Hohenfels,6278323,Corrective Maintenance,Corrective COR,2014-05-12 03:38:19,6.0,1.0,0.0,JVSRHD1500UK,JVC SR-HD1500 BLU-Constructed 4 Spider cable/HDD RECORDER,REPAIRABLE,1.0
19005,JMRC,JMRC Instrumentation System,Germany - Hohenfels,6808705,Corrective Maintenance,Corrective COR,2015-04-23 14:15:00,6.0,1.0,0.0,T23-129-075-3,"LCD, 24 PUSH-BUTTON KEYS, RACK MOUNT (2RU)",REPAIRABLE,1.0
19013,JMRC,JMRC Instrumentation System,Germany - Hohenfels,6750647,Corrective Maintenance,Corrective COR,2015-03-26 05:37:08,6.0,1.0,0.0,300-2048-02-1,"IP Tube, GE1, Dual 10/100 BaseT",REPAIRABLE,1.0
19045,JMRC,JMRC Instrumentation System,Germany - Hohenfels,6366134,Corrective Maintenance,Corrective COR,2014-07-10 04:27:00,6.0,2.0,0.0,ST3750640NS,"DRIVE, INTERNAL SEAGATE BARACUDA ES 750 GB",REPAIRABLE,2.0
19163,JMRC,JMRC Instrumentation System,Germany - Hohenfels,6639011,Corrective Maintenance,Corrective COR,2015-01-15 09:49:48,6.0,1.0,0.0,Y3644,"SERVER, POWER EDGE 750, DELL",REPAIRABLE,1.0
19313,JMRC,JMRC Instrumentation System,Germany - Hohenfels,6246900,Corrective Maintenance,Corrective COR,2014-04-25 05:54:10,5.0,1.0,0.0,WS-SUP720-3B-1,"BOARD, CIRCUIT, CATALYST 6500/CISCO 7600 SUPERVISOR 720 FABRIC MSFC3 PFC3B",REPAIRABLE,1.0
19355,JMRC,JMRC Instrumentation System,Germany - Hohenfels,6061028,Corrective Maintenance,Corrective COR,2013-12-16 08:17:08,5.0,1.0,0.0,X FRAME 88,Digitale Medienmatrix 8x8 DSP Gain Share Automix,REPAIRABLE,1.0
19572,JMRC,JMRC Instrumentation System,Germany - Hohenfels,6048333,Corrective Maintenance,Corrective COR,2013-12-09 11:00:00,5.0,1.0,0.0,NC316BU-2 AC,POWER SUPPLY,REPAIRABLE,1.0
19627,JMRC,JMRC Instrumentation System,Germany - Hohenfels,6222494,Corrective Maintenance,Corrective COR,2014-04-08 02:00:00,5.0,1.0,0.0,WS-C3560-48TS-S,"SWITCH, CATALYST",REPAIRABLE,1.0
19717,JMRC,JMRC Instrumentation System,Germany - Hohenfels,6727450,Corrective Maintenance,Corrective COR,2015-03-12 07:53:02,6.0,1.0,0.0,SR-DVM700US,"VIDEO RECORDER, 3 IN 1, DV/DVD/HD, JVC",REPAIRABLE,1.0
19746,JMRC,JMRC Instrumentation System,Germany - Hohenfels,6442517,Corrective Maintenance,Corrective COR,2014-08-29 07:50:53,6.0,1.0,0.0,VT2430,"VIEWSONIC 24"" 3D COMP FILTER HDTV QAM TUNER",REPAIRABLE,1.0
19758,JMRC,JMRC Instrumentation System,Germany - Hohenfels,6127681,Corrective Maintenance,Corrective COR,2014-02-10 15:17:21,5.0,1.0,0.0,1195196,ThermoVision Camera 2000ECO,REPAIRABLE,1.0
19760,JMRC,JMRC Instrumentation System,Germany - Hohenfels,6241011,Corrective Maintenance,Corrective COR,2014-04-22 07:00:46,5.0,1.0,0.0,VT2430,"VIEWSONIC 24"" 3D COMP FILTER HDTV QAM TUNER",REPAIRABLE,1.0
19789,JMRC,JMRC Instrumentation System,Germany - Hohenfels,6193631,Corrective Maintenance,Corrective COR,2014-03-25 03:42:28,5.0,1.0,0.0,CC3701H-2,CAMERA,REPAIRABLE,1.0
19790,JMRC,JMRC Instrumentation System,Germany - Hohenfels,6193631,Corrective Maintenance,Corrective COR,2014-03-25 03:42:28,5.0,1.0,0.0,CC3701H-2,CAMERA,REPAIRABLE,1.0
19880,JMRC,JMRC Instrumentation System,Germany - Hohenfels,6268172,Corrective Maintenance,Corrective COR,2014-05-05 06:36:33,6.0,1.0,0.0,ICD-828,Ikegami Color CCD Camera,REPAIRABLE,1.0
20123,JMRC,JMRC Instrumentation System,Germany - Hohenfels,6304095,Corrective Maintenance,Corrective COR,2014-05-30 04:50:05,6.0,1.0,0.0,SONY RMBR300,"Remote Control Unit, BRC-300, Sony",REPAIRABLE,1.0
20163,JMRC,JMRC Instrumentation System,Germany - Hohenfels,6323827,Corrective Maintenance,Corrective COR,2014-06-09 07:09:35,6.0,1.0,0.0,VT2430,"VIEWSONIC 24"" 3D COMP FILTER HDTV QAM TUNER",REPAIRABLE,1.0
20227,JMRC,JMRC Instrumentation System,Germany - Hohenfels,6188518,Corrective Maintenance,Corrective COR,2014-03-21 08:00:46,5.0,1.0,0.0,VT2430,"VIEWSONIC 24"" 3D COMP FILTER HDTV QAM TUNER",REPAIRABLE,1.0
21031,JMRC,JMRC Instrumentation System,Germany - Hohenfels,6013482,Corrective Maintenance,Corrective COR,2013-11-13 05:35:50,5.0,1.0,0.0,T23-129-075-1,"LCD, 24 push-button keys, rack mount (2 RU)",REPAIRABLE,1.0
21072,JMRC,JMRC Instrumentation System,Germany - Hohenfels,6181845,Corrective Maintenance,Corrective COR,2014-03-17 03:50:51,5.0,1.0,0.0,60-336-11,"SWITCHER, CROSSPOINT450 PLUS 88 HVA",REPAIRABLE,1.0
22483,71-06,JMRC Instrumentation System,Germany - Hohenfels,7101132,Corrective Maintenance,Corrective COR,2015-10-08 06:00:00,7.0,1.0,0.0,7-62114-MWS,"Pan/Tilt, QPT50 M24VDC Pots FT 17 Pin Analog",REPAIRABLE,1.0
22484,71-06,JMRC Instrumentation System,Germany - Hohenfels,7101141,Corrective Maintenance,Corrective COR,2015-10-09 06:00:00,7.0,1.0,0.0,80I00-P-T-T54,AN-80i system for point to point (PTP) operation,REPAIRABLE,1.0
22502,71-06,JMRC Instrumentation System,Germany - Hohenfels,7112823,Corrective Maintenance,Corrective COR,2015-10-16 03:30:00,7.0,1.0,0.0,7-62427-MWS,"Translator, QPT50ICM24VDC Pots FT IP Translator",REPAIRABLE,1.0
22647,71-06,JMRC Instrumentation System,Germany - Hohenfels,7234256,Corrective Maintenance,Corrective COR,2015-12-15 18:00:00,7.0,1.0,0.0,225-2673,"LAPTOP, LATITUDE E6530, DELL",REPAIRABLE,1.0
22810,71-06,JMRC Instrumentation System,Germany - Hohenfels,6858537,Corrective Maintenance,Corrective COR,2015-05-22 02:00:00,7.0,1.0,0.0,COR-RAD-216,IPMUX-216/ACR/16T1/UTP/UTP/UTP,REPAIRABLE,1.0
22811,71-06,JMRC Instrumentation System,Germany - Hohenfels,6858537,Corrective Maintenance,Corrective COR,2015-05-22 02:00:00,7.0,1.0,0.0,COR-RAD-216,IPMUX-216/ACR/16T1/UTP/UTP/UTP,REPAIRABLE,1.0
23657,71-06,JMRC Instrumentation System,Germany - Hohenfels,6945903,Corrective Maintenance,Corrective COR,2015-07-16 03:37:00,7.0,1.0,0.0,820112,"HOUSING, PRESSURIZED, DAY, CAMERA (OBSOLETE- REPLACEMENT 820458)",REPAIRABLE,1.0
24156,71-06,JMRC Instrumentation System,Germany - Hohenfels,7032054,Corrective Maintenance,Corrective COR,2015-09-01 05:00:00,7.0,1.0,0.0,MIX10NG2,Stereo Mixer System,REPAIRABLE,1.0
24345,71-06,JMRC Instrumentation System,Germany - Hohenfels,7080810,Corrective Maintenance,Corrective COR,2015-09-30 03:00:00,7.0,1.0,0.0,MIX10NG2,Stereo Mixer System,REPAIRABLE,1.0
24933,71-06,JMRC Instrumentation System,Germany - Hohenfels,7146440,Corrective Maintenance,Corrective COR,2015-11-09 07:30:40,7.0,1.0,0.0,6280V-NM,XEROX PHASER 6280,REPAIRABLE,1.0
25384,71-06,JMRC Instrumentation System,Germany - Hohenfels,7224495,Corrective Maintenance,Corrective COR,2016-01-06 06:50:00,7.0,1.0,0.0,CC3701H-2,CAMERA,REPAIRABLE,1.0
25401,71-06,JMRC Instrumentation System,Germany - Hohenfels,7225719,Corrective Maintenance,Corrective COR,2016-01-07 02:24:31,7.0,1.0,0.0,BRCH700,"CAMERA, ROBOTIC, HD, 3-CCD, BRCH700, SONY",REPAIRABLE,1.0
25682,71-06,JMRC Instrumentation System,Germany - Hohenfels,7236971,Corrective Maintenance,Corrective COR,2016-01-15 03:58:00,7.0,1.0,0.0,RV-850029,"PUMP, VCS VIP1000S W/SHOE",REPAIRABLE,1.0
25683,71-06,JMRC Instrumentation System,Germany - Hohenfels,7236972,Corrective Maintenance,Corrective COR,2016-01-15 03:58:00,7.0,1.0,0.0,CC3701H-2,CAMERA,REPAIRABLE,1.0
26163,71-06,JMRC Instrumentation System,Germany - Hohenfels,7291153,Corrective Maintenance,Corrective COR,2016-02-19 03:01:00,7.0,1.0,0.0,Z0RG,"15"" MACBOOK PRO APPLE",REPAIRABLE,1.0
26441,71-06,JMRC Instrumentation System,Germany - Hohenfels,7329726,Corrective Maintenance,Corrective COR,2016-03-14 12:45:06,7.0,1.0,0.0,VT2430,"VIEWSONIC 24"" 3D COMP FILTER HDTV QAM TUNER",REPAIRABLE,1.0
26442,71-06,JMRC Instrumentation System,Germany - Hohenfels,7329726,Corrective Maintenance,Corrective COR,2016-03-14 12:45:06,7.0,1.0,0.0,VT2430,"VIEWSONIC 24"" 3D COMP FILTER HDTV QAM TUNER",REPAIRABLE,1.0
26449,71-06,JMRC Instrumentation System,Germany - Hohenfels,7334268,Corrective Maintenance,Corrective COR,2016-03-16 07:30:34,7.0,1.0,0.0,NK128-60001,"Monitor, HP, 20""",REPAIRABLE,1.0
27231,71-06,JMRC Instrumentation System,Germany - Hohenfels,6876072,Corrective Maintenance,Corrective COR,2015-06-01 11:45:00,7.0,1.0,0.0,SR-DVM700US,"VIDEO RECORDER, 3 IN 1, DV/DVD/HD, JVC",REPAIRABLE,1.0
27232,71-06,JMRC Instrumentation System,Germany - Hohenfels,6876127,Corrective Maintenance,Corrective COR,2015-06-01 00:56:00,7.0,1.0,0.0,MIX10NG2,Stereo Mixer System,REPAIRABLE,1.0
27233,71-06,JMRC Instrumentation System,Germany - Hohenfels,6876129,Corrective Maintenance,Corrective COR,2015-06-01 00:56:00,7.0,1.0,0.0,RGB1690,"CONVERTER, SCAN, 1690, RGB",REPAIRABLE,1.0
27381,71-06,JMRC Instrumentation System,Germany - Hohenfels,6891757,Corrective Maintenance,Corrective COR,2015-06-10 01:03:17,7.0,1.0,0.0,MD771A61,Mac Pro: Customed Configured-Two 3.06GHz,REPAIRABLE,1.0
27392,71-06,JMRC Instrumentation System,Germany - Hohenfels,6897739,Corrective Maintenance,Corrective COR,2015-06-12 04:08:01,7.0,1.0,0.0,VT2430,"VIEWSONIC 24"" 3D COMP FILTER HDTV QAM TUNER",REPAIRABLE,1.0
27948,71-06,JMRC Instrumentation System,Germany - Hohenfels,6922544,Corrective Maintenance,Corrective COR,2015-06-29 00:00:00,7.0,1.0,0.0,UFS932SI,KATHREIN UFS 932SI,REPAIRABLE,1.0
28150,71-06,JMRC Instrumentation System,Germany - Hohenfels,6961013,Corrective Maintenance,Corrective COR,2015-07-27 04:00:00,7.0,2.0,0.0,ST3750640NS,"DRIVE, INTERNAL SEAGATE BARACUDA ES 750 GB",REPAIRABLE,2.0
28165,71-06,JMRC Instrumentation System,Germany - Hohenfels,6974839,Corrective Maintenance,Corrective COR,2015-08-03 06:00:00,7.0,1.0,0.0,R9860923,Controller. Barco,REPAIRABLE,1.0
28436,71-06,JMRC Instrumentation System,Germany - Hohenfels,6995727,Corrective Maintenance,Corrective COR,2015-08-14 03:00:00,7.0,1.0,0.0,HD2014+FL-CD3+2PS+AA2,1RU MULTI-PATH VIDEO CONVERTER FRAME SYNCHRONIZER,REPAIRABLE,1.0
28516,71-06,JMRC Instrumentation System,Germany - Hohenfels,7002489,Corrective Maintenance,Corrective COR,2015-08-15 00:00:00,7.0,1.0,0.0,HD2014+FL-CD3+2PS+AA2,1RU MULTI-PATH VIDEO CONVERTER FRAME SYNCHRONIZER,REPAIRABLE,1.0
28720,71-06,JMRC Instrumentation System,Germany - Hohenfels,7014037,Corrective Maintenance,Corrective COR,2015-08-24 06:30:00,7.0,1.0,0.0,AR-DM1-B,MARSHALL DIGITAL AUDIO MONITOR,REPAIRABLE,1.0
28990,71-06,JMRC Instrumentation System,Germany - Hohenfels,7036410,Corrective Maintenance,Corrective COR,2015-09-03 03:27:00,7.0,1.0,0.0,VT2430,"VIEWSONIC 24"" 3D COMP FILTER HDTV QAM TUNER",REPAIRABLE,1.0
28993,71-06,JMRC Instrumentation System,Germany - Hohenfels,7037932,Corrective Maintenance,Corrective COR,2015-09-04 04:00:00,7.0,1.0,0.0,1520R-S300,"TIME SERVER, GPS NETWORK, SYMMETRICOM SYNCSERVER S300",REPAIRABLE,1.0
28996,71-06,JMRC Instrumentation System,Germany - Hohenfels,7043038,Corrective Maintenance,Corrective COR,2015-09-07 08:00:00,7.0,1.0,0.0,VT2430,"VIEWSONIC 24"" 3D COMP FILTER HDTV QAM TUNER",REPAIRABLE,1.0
29783,71-06,JMRC Instrumentation System,Germany - Hohenfels,7141023,Corrective Maintenance,Corrective COR,2015-11-05 00:00:00,7.0,1.0,0.0,MIX10NG2,Stereo Mixer System,REPAIRABLE,1.0
30001,71-06,JMRC Instrumentation System,Germany - Hohenfels,7151510,Corrective Maintenance,Corrective COR,2015-11-12 07:30:00,7.0,1.0,0.0,VT2430,"VIEWSONIC 24"" 3D COMP FILTER HDTV QAM TUNER",REPAIRABLE,1.0
30197,71-06,JMRC Instrumentation System,Germany - Hohenfels,7185351,Corrective Maintenance,Corrective COR,2015-12-02 01:55:00,7.0,1.0,0.0,VT2430,"VIEWSONIC 24"" 3D COMP FILTER HDTV QAM TUNER",REPAIRABLE,1.0
30225,71-06,JMRC Instrumentation System,Germany - Hohenfels,7198835,Corrective Maintenance,Corrective COR,2015-12-14 09:30:00,7.0,1.0,0.0,60-336-11,"SWITCHER, CROSSPOINT450 PLUS 88 HVA",REPAIRABLE,1.0
30236,71-06,JMRC Instrumentation System,Germany - Hohenfels,7199724,Corrective Maintenance,Corrective COR,2015-12-15 08:00:00,7.0,1.0,0.0,CC3701H-2,CAMERA,REPAIRABLE,1.0
30281,71-06,JMRC Instrumentation System,Germany - Hohenfels,7203262,Corrective Maintenance,Corrective COR,2015-12-16 08:00:00,7.0,1.0,0.0,CC3701H-2,CAMERA,REPAIRABLE,1.0
30282,71-06,JMRC Instrumentation System,Germany - Hohenfels,7203266,Corrective Maintenance,Corrective COR,2015-12-16 10:00:00,7.0,1.0,0.0,RV-850029,"PUMP, VCS VIP1000S W/SHOE",REPAIRABLE,1.0
30288,71-06,JMRC Instrumentation System,Germany - Hohenfels,7208892,Corrective Maintenance,Corrective COR,2015-12-23 10:00:00,7.0,1.0,0.0,RGB XL-4/0,"Video Router, Quadview XL",REPAIRABLE,1.0
30290,71-06,JMRC Instrumentation System,Germany - Hohenfels,7208894,Corrective Maintenance,Corrective COR,2015-12-23 05:30:00,7.0,1.0,0.0,R9860412,Pro HD CD,REPAIRABLE,1.0
30408,71-06,JMRC Instrumentation System,Germany - Hohenfels,7241620,Corrective Maintenance,Corrective COR,2016-01-19 06:00:00,7.0,1.0,0.0,VT2430,"VIEWSONIC 24"" 3D COMP FILTER HDTV QAM TUNER",REPAIRABLE,1.0
30762,71-06,JMRC Instrumentation System,Germany - Hohenfels,7254321,Corrective Maintenance,Corrective COR,2016-01-27 09:30:00,7.0,1.0,0.0,MIX10NG2,Stereo Mixer System,REPAIRABLE,1.0
30763,71-06,JMRC Instrumentation System,Germany - Hohenfels,7254321,Corrective Maintenance,Corrective COR,2016-01-27 09:30:00,7.0,1.0,0.0,MIX10NG2,Stereo Mixer System,REPAIRABLE,1.0
31882,71-06,JMRC Instrumentation System,Germany - Hohenfels,7307578,Corrective Maintenance,Corrective COR,2016-02-29 02:39:46,7.0,1.0,0.0,MIX10NG2,Stereo Mixer System,REPAIRABLE,1.0
31883,71-06,JMRC Instrumentation System,Germany - Hohenfels,7307579,Corrective Maintenance,Corrective COR,2016-02-29 02:39:00,7.0,1.0,0.0,V-R82DP-HD,"Screen, Duel 8.4"", HDSDI-MultiFormat",REPAIRABLE,1.0
31884,71-06,JMRC Instrumentation System,Germany - Hohenfels,7307580,Corrective Maintenance,Corrective COR,2016-02-29 02:39:00,7.0,1.0,0.0,RGB1690,"CONVERTER, SCAN, 1690, RGB",REPAIRABLE,1.0
31995,71-06,JMRC Instrumentation System,Germany - Hohenfels,7344144,Corrective Maintenance,Corrective COR,2016-03-23 12:30:48,7.0,1.0,0.0,60002043,"NP 4001, NEC",REPAIRABLE,1.0
31997,71-06,JMRC Instrumentation System,Germany - Hohenfels,7344202,Corrective Maintenance,Corrective COR,2016-03-24 09:30:00,7.0,1.0,0.0,60002043,"NP 4001, NEC",REPAIRABLE,1.0
31998,71-06,JMRC Instrumentation System,Germany - Hohenfels,7344207,Corrective Maintenance,Corrective COR,2016-03-22 08:00:00,7.0,1.0,0.0,CC3701H-2,CAMERA,REPAIRABLE,1.0
32048,71-06,JMRC Instrumentation System,Germany - Hohenfels,7360373,Corrective Maintenance,Corrective COR,2016-04-04 03:30:00,7.0,1.0,0.0,Y3644,"SERVER, POWER EDGE 750, DELL",REPAIRABLE,1.0
32342,71-06,JMRC Instrumentation System,Germany - Hohenfels,7372166,Corrective Maintenance,Corrective COR,2016-04-11 09:36:00,7.0,1.0,0.0,MIX10NG2,Stereo Mixer System,REPAIRABLE,1.0
32884,71-06,JMRC Instrumentation System,Germany - Hohenfels,7389958,Corrective Maintenance,Corrective COR,2016-04-21 04:07:00,7.0,1.0,0.0,SR-DVM700US,"VIDEO RECORDER, 3 IN 1, DV/DVD/HD, JVC",REPAIRABLE,1.0
33015,71-06,JMRC Instrumentation System,Germany - Hohenfels,7401157,Corrective Maintenance,Corrective COR,2016-04-27 07:27:00,7.0,1.0,0.0,VT2430,"VIEWSONIC 24"" 3D COMP FILTER HDTV QAM TUNER",REPAIRABLE,1.0
33016,71-06,JMRC Instrumentation System,Germany - Hohenfels,7401161,Corrective Maintenance,Corrective COR,2016-04-27 07:27:00,7.0,1.0,0.0,VT2430,"VIEWSONIC 24"" 3D COMP FILTER HDTV QAM TUNER",REPAIRABLE,1.0
33053,71-06,JMRC Instrumentation System,Germany - Hohenfels,DR6831982,Bench/Depot Repair,Corrective COR,2015-05-05 03:39:18,7.0,1.0,0.0,300-00635,SEPURA RECHARGEABLE Li-Polymer Battery 7.4V,REPAIRABLE,1.0
33057,71-06,JMRC Instrumentation System,Germany - Hohenfels,DR6851528,Bench/Depot Repair,Corrective COR,2015-05-19 02:42:33,7.0,1.0,0.0,300-00635,SEPURA RECHARGEABLE Li-Polymer Battery 7.4V,REPAIRABLE,1.0
34790,71-06,JMRC Instrumentation System,Germany - Hohenfels,DR6992419,Bench/Depot Repair,Corrective COR,2015-08-12 06:18:13,7.0,1.0,0.0,300-00635,SEPURA RECHARGEABLE Li-Polymer Battery 7.4V,REPAIRABLE,1.0
34907,71-06,JMRC Instrumentation System,Germany - Hohenfels,DR7002537,Bench/Depot Repair,Corrective COR,2015-08-17 11:16:05,7.0,1.0,0.0,300-00635,SEPURA RECHARGEABLE Li-Polymer Battery 7.4V,REPAIRABLE,1.0
34908,71-06,JMRC Instrumentation System,Germany - Hohenfels,DR7002538,Bench/Depot Repair,Corrective COR,2015-08-17 11:16:06,7.0,1.0,0.0,300-00635,SEPURA RECHARGEABLE Li-Polymer Battery 7.4V,REPAIRABLE,1.0
34909,71-06,JMRC Instrumentation System,Germany - Hohenfels,DR7002539,Bench/Depot Repair,Corrective COR,2015-08-17 11:16:07,7.0,1.0,0.0,300-00635,SEPURA RECHARGEABLE Li-Polymer Battery 7.4V,REPAIRABLE,1.0
35154,71-06,JMRC Instrumentation System,Germany - Hohenfels,DR7017843,Bench/Depot Repair,Corrective COR,2015-08-25 01:43:06,7.0,1.0,0.0,300-00635,SEPURA RECHARGEABLE Li-Polymer Battery 7.4V,REPAIRABLE,1.0
35155,71-06,JMRC Instrumentation System,Germany - Hohenfels,DR7017844,Bench/Depot Repair,Corrective COR,2015-08-25 01:43:06,7.0,1.0,0.0,300-00635,SEPURA RECHARGEABLE Li-Polymer Battery 7.4V,REPAIRABLE,1.0
35219,71-06,JMRC Instrumentation System,Germany - Hohenfels,DR7083005,Bench/Depot Repair,Corrective COR,2015-10-01 05:40:06,7.0,1.0,0.0,300-00635,SEPURA RECHARGEABLE Li-Polymer Battery 7.4V,REPAIRABLE,1.0
35220,71-06,JMRC Instrumentation System,Germany - Hohenfels,DR7083006,Bench/Depot Repair,Corrective COR,2015-10-01 05:40:06,7.0,1.0,0.0,300-00635,SEPURA RECHARGEABLE Li-Polymer Battery 7.4V,REPAIRABLE,1.0
35221,71-06,JMRC Instrumentation System,Germany - Hohenfels,DR7083007,Bench/Depot Repair,Corrective COR,2015-10-01 05:40:07,7.0,1.0,0.0,300-00635,SEPURA RECHARGEABLE Li-Polymer Battery 7.4V,REPAIRABLE,1.0
35222,71-06,JMRC Instrumentation System,Germany - Hohenfels,DR7083008,Bench/Depot Repair,Corrective COR,2015-10-01 05:40:08,7.0,1.0,0.0,300-00635,SEPURA RECHARGEABLE Li-Polymer Battery 7.4V,REPAIRABLE,1.0
35223,71-06,JMRC Instrumentation System,Germany - Hohenfels,DR7083009,Bench/Depot Repair,Corrective COR,2015-10-01 05:40:07,7.0,1.0,0.0,300-00635,SEPURA RECHARGEABLE Li-Polymer Battery 7.4V,REPAIRABLE,1.0
35224,71-06,JMRC Instrumentation System,Germany - Hohenfels,DR7083010,Bench/Depot Repair,Corrective COR,2015-10-01 05:40:08,7.0,1.0,0.0,300-00635,SEPURA RECHARGEABLE Li-Polymer Battery 7.4V,REPAIRABLE,1.0
35225,71-06,JMRC Instrumentation System,Germany - Hohenfels,DR7083011,Bench/Depot Repair,Corrective COR,2015-10-01 05:40:10,7.0,1.0,0.0,300-00635,SEPURA RECHARGEABLE Li-Polymer Battery 7.4V,REPAIRABLE,1.0
35226,71-06,JMRC Instrumentation System,Germany - Hohenfels,DR7083012,Bench/Depot Repair,Corrective COR,2015-10-01 05:40:11,7.0,1.0,0.0,300-00635,SEPURA RECHARGEABLE Li-Polymer Battery 7.4V,REPAIRABLE,1.0
35227,71-06,JMRC Instrumentation System,Germany - Hohenfels,DR7083013,Bench/Depot Repair,Corrective COR,2015-10-01 05:40:12,7.0,1.0,0.0,300-00635,SEPURA RECHARGEABLE Li-Polymer Battery 7.4V,REPAIRABLE,1.0
35228,71-06,JMRC Instrumentation System,Germany - Hohenfels,DR7083014,Bench/Depot Repair,Corrective COR,2015-10-01 05:40:13,7.0,1.0,0.0,300-00635,SEPURA RECHARGEABLE Li-Polymer Battery 7.4V,REPAIRABLE,1.0
35229,71-06,JMRC Instrumentation System,Germany - Hohenfels,DR7083015,Bench/Depot Repair,Corrective COR,2015-10-01 05:40:14,7.0,1.0,0.0,300-00635,SEPURA RECHARGEABLE Li-Polymer Battery 7.4V,REPAIRABLE,1.0
35230,71-06,JMRC Instrumentation System,Germany - Hohenfels,DR7083016,Bench/Depot Repair,Corrective COR,2015-10-01 05:40:15,7.0,1.0,0.0,300-00635,SEPURA RECHARGEABLE Li-Polymer Battery 7.4V,REPAIRABLE,1.0
35231,71-06,JMRC Instrumentation System,Germany - Hohenfels,DR7083017,Bench/Depot Repair,Corrective COR,2015-10-01 05:40:16,7.0,1.0,0.0,300-00635,SEPURA RECHARGEABLE Li-Polymer Battery 7.4V,REPAIRABLE,1.0
35232,71-06,JMRC Instrumentation System,Germany - Hohenfels,DR7083018,Bench/Depot Repair,Corrective COR,2015-10-01 05:40:17,7.0,1.0,0.0,300-00635,SEPURA RECHARGEABLE Li-Polymer Battery 7.4V,REPAIRABLE,1.0
35233,71-06,JMRC Instrumentation System,Germany - Hohenfels,DR7083019,Bench/Depot Repair,Corrective COR,2015-10-01 05:40:17,7.0,1.0,0.0,300-00635,SEPURA RECHARGEABLE Li-Polymer Battery 7.4V,REPAIRABLE,1.0
35234,71-06,JMRC Instrumentation System,Germany - Hohenfels,DR7083020,Bench/Depot Repair,Corrective COR,2015-10-01 05:40:08,7.0,1.0,0.0,300-00635,SEPURA RECHARGEABLE Li-Polymer Battery 7.4V,REPAIRABLE,1.0
35235,71-06,JMRC Instrumentation System,Germany - Hohenfels,DR7083021,Bench/Depot Repair,Corrective COR,2015-10-01 05:40:09,7.0,1.0,0.0,300-00635,SEPURA RECHARGEABLE Li-Polymer Battery 7.4V,REPAIRABLE,1.0
35236,71-06,JMRC Instrumentation System,Germany - Hohenfels,DR7083022,Bench/Depot Repair,Corrective COR,2015-10-01 05:40:10,7.0,1.0,0.0,300-00635,SEPURA RECHARGEABLE Li-Polymer Battery 7.4V,REPAIRABLE,1.0
35237,71-06,JMRC Instrumentation System,Germany - Hohenfels,DR7083023,Bench/Depot Repair,Corrective COR,2015-10-01 05:40:11,7.0,1.0,0.0,300-00635,SEPURA RECHARGEABLE Li-Polymer Battery 7.4V,REPAIRABLE,1.0
35238,71-06,JMRC Instrumentation System,Germany - Hohenfels,DR7083024,Bench/Depot Repair,Corrective COR,2015-10-01 05:40:12,7.0,1.0,0.0,300-00635,SEPURA RECHARGEABLE Li-Polymer Battery 7.4V,REPAIRABLE,1.0
35239,71-06,JMRC Instrumentation System,Germany - Hohenfels,DR7083025,Bench/Depot Repair,Corrective COR,2015-10-01 05:40:13,7.0,1.0,0.0,300-00635,SEPURA RECHARGEABLE Li-Polymer Battery 7.4V,REPAIRABLE,1.0
35240,71-06,JMRC Instrumentation System,Germany - Hohenfels,DR7083026,Bench/Depot Repair,Corrective COR,2015-10-01 05:40:16,7.0,1.0,0.0,300-00635,SEPURA RECHARGEABLE Li-Polymer Battery 7.4V,REPAIRABLE,1.0
35241,71-06,JMRC Instrumentation System,Germany - Hohenfels,DR7083027,Bench/Depot Repair,Corrective COR,2015-10-01 05:40:16,7.0,1.0,0.0,300-00635,SEPURA RECHARGEABLE Li-Polymer Battery 7.4V,REPAIRABLE,1.0
35242,71-06,JMRC Instrumentation System,Germany - Hohenfels,DR7083028,Bench/Depot Repair,Corrective COR,2015-10-01 05:40:17,7.0,1.0,0.0,300-00635,SEPURA RECHARGEABLE Li-Polymer Battery 7.4V,REPAIRABLE,1.0
35243,71-06,JMRC Instrumentation System,Germany - Hohenfels,DR7083029,Bench/Depot Repair,Corrective COR,2015-10-01 05:40:18,7.0,1.0,0.0,300-00635,SEPURA RECHARGEABLE Li-Polymer Battery 7.4V,REPAIRABLE,1.0
35244,71-06,JMRC Instrumentation System,Germany - Hohenfels,DR7083030,Bench/Depot Repair,Corrective COR,2015-10-01 05:40:09,7.0,1.0,0.0,300-00635,SEPURA RECHARGEABLE Li-Polymer Battery 7.4V,REPAIRABLE,1.0
35245,71-06,JMRC Instrumentation System,Germany - Hohenfels,DR7083031,Bench/Depot Repair,Corrective COR,2015-10-01 05:40:10,7.0,1.0,0.0,300-00635,SEPURA RECHARGEABLE Li-Polymer Battery 7.4V,REPAIRABLE,1.0
35371,71-06,JMRC Instrumentation System,Germany - Hohenfels,DR7115879,Bench/Depot Repair,Corrective COR,2015-10-23 05:56:18,7.0,1.0,0.0,300-00635,SEPURA RECHARGEABLE Li-Polymer Battery 7.4V,REPAIRABLE,1.0
35407,71-06,JMRC Instrumentation System,Germany - Hohenfels,DR7122418,Bench/Depot Repair,Corrective COR,2015-10-26 08:54:43,7.0,1.0,0.0,213667,"RADIO, PRECISION RANGE, TRACKING AND LOCATION (PRTLS) SEPURA",REPAIRABLE,1.0
35643,71-06,JMRC Instrumentation System,Germany - Hohenfels,DR7200928,Bench/Depot Repair,Corrective COR,2015-12-16 03:06:09,7.0,1.0,0.0,300-00635,SEPURA RECHARGEABLE Li-Polymer Battery 7.4V,REPAIRABLE,1.0
36962,71-06,JMRC Instrumentation System,Germany - Hohenfels,DR7267309,Bench/Depot Repair,Corrective COR,2016-02-03 07:20:17,7.0,1.0,0.0,213667,"RADIO, PRECISION RANGE, TRACKING AND LOCATION (PRTLS) SEPURA",REPAIRABLE,1.0
37139,71-06,JMRC Instrumentation System,Germany - Hohenfels,DR7364465,Bench/Depot Repair,Corrective COR,2016-04-06 00:48:09,7.0,1.0,0.0,300-00635,SEPURA RECHARGEABLE Li-Polymer Battery 7.4V,REPAIRABLE,1.0
37140,71-06,JMRC Instrumentation System,Germany - Hohenfels,DR7364466,Bench/Depot Repair,Corrective COR,2016-04-06 00:48:10,7.0,1.0,0.0,300-00635,SEPURA RECHARGEABLE Li-Polymer Battery 7.4V,REPAIRABLE,1.0
37141,71-06,JMRC Instrumentation System,Germany - Hohenfels,DR7364467,Bench/Depot Repair,Corrective COR,2016-04-06 00:48:10,7.0,1.0,0.0,300-00635,SEPURA RECHARGEABLE Li-Polymer Battery 7.4V,REPAIRABLE,1.0
37142,71-06,JMRC Instrumentation System,Germany - Hohenfels,DR7364468,Bench/Depot Repair,Corrective COR,2016-04-06 00:48:11,7.0,1.0,0.0,300-00635,SEPURA RECHARGEABLE Li-Polymer Battery 7.4V,REPAIRABLE,1.0
37268,71-06,JMRC Instrumentation System,Germany - Hohenfels,DR7391432,Bench/Depot Repair,Corrective COR,2016-04-22 06:30:37,7.0,1.0,0.0,300-00635,SEPURA RECHARGEABLE Li-Polymer Battery 7.4V,REPAIRABLE,1.0
37269,71-06,JMRC Instrumentation System,Germany - Hohenfels,DR7391433,Bench/Depot Repair,Corrective COR,2016-04-22 06:30:38,7.0,1.0,0.0,300-00635,SEPURA RECHARGEABLE Li-Polymer Battery 7.4V,REPAIRABLE,1.0
37270,71-06,JMRC Instrumentation System,Germany - Hohenfels,DR7391434,Bench/Depot Repair,Corrective COR,2016-04-22 06:30:38,7.0,1.0,0.0,300-00635,SEPURA RECHARGEABLE Li-Polymer Battery 7.4V,REPAIRABLE,1.0
37271,71-06,JMRC Instrumentation System,Germany - Hohenfels,DR7391435,Bench/Depot Repair,Corrective COR,2016-04-22 06:30:39,7.0,1.0,0.0,300-00635,SEPURA RECHARGEABLE Li-Polymer Battery 7.4V,REPAIRABLE,1.0
37273,71-06,JMRC Instrumentation System,Germany - Hohenfels,DR7391437,Bench/Depot Repair,Corrective COR,2016-04-22 06:30:40,7.0,1.0,0.0,300-00635,SEPURA RECHARGEABLE Li-Polymer Battery 7.4V,REPAIRABLE,1.0
37276,71-06,JMRC Instrumentation System,Germany - Hohenfels,DR7391440,Bench/Depot Repair,Corrective COR,2016-04-22 06:30:42,7.0,1.0,0.0,300-00635,SEPURA RECHARGEABLE Li-Polymer Battery 7.4V,REPAIRABLE,1.0
37617,71-06,JMRC Instrumentation System,Germany - Hohenfels,7444659,Corrective Maintenance,Corrective COR,2016-05-24 07:06:00,8.0,1.0,0.0,KAA5040M11,"AMPLIFIER AR KALMLUS, 30 mhz -84 mhz,",REPAIRABLE,1.0
37618,71-06,JMRC Instrumentation System,Germany - Hohenfels,7444659,Corrective Maintenance,Corrective COR,2016-05-24 07:06:00,8.0,1.0,0.0,KAA5040M11,"AMPLIFIER AR KALMLUS, 30 mhz -84 mhz,",REPAIRABLE,1.0
37689,71-06,JMRC Instrumentation System,Germany - Hohenfels,7449352,Corrective Maintenance,Corrective COR,2016-05-31 09:30:14,8.0,1.0,0.0,NP1000,LCD Projector,REPAIRABLE,1.0
37691,71-06,JMRC Instrumentation System,Germany - Hohenfels,7449352,Corrective Maintenance,Corrective COR,2016-05-31 09:30:14,8.0,1.0,0.0,NP1000,LCD Projector,REPAIRABLE,1.0
38219,71-06,JMRC Instrumentation System,Germany - Hohenfels,7602097,Corrective Maintenance,Corrective COR,2016-08-29 02:40:33,8.0,1.0,0.0,23046MS,"CAMERA, THERMAL, IR, AXSYS",REPAIRABLE,1.0
38296,71-06,JMRC Instrumentation System,Germany - Hohenfels,7614063,Corrective Maintenance,Corrective COR,2016-09-06 10:00:00,8.0,1.0,0.0,CF-74JDMBD2M,"LAPTOP, TOUGHBOOK, CF74, 2GB DDR2, 160GB HDD, 13.3 XGA, PANASONIC",REPAIRABLE,1.0
38396,71-06,JMRC Instrumentation System,Germany - Hohenfels,7629609,Corrective Maintenance,Corrective COR,2016-09-16 04:15:00,8.0,1.0,0.0,VT2430,"VIEWSONIC 24"" 3D COMP FILTER HDTV QAM TUNER",REPAIRABLE,1.0
38727,71-06,JMRC Instrumentation System,Germany - Grafenwoehr,7699836,Corrective Maintenance,Corrective COR,2016-10-28 03:53:07,8.0,1.0,0.0,GV-BL1500,"1.3 MO H.264 SUPOER LOW LUX WDR IR BULLET CAMERA, GEOVISION",REPAIRABLE,1.0
38733,71-06,JMRC Instrumentation System,Germany - Hohenfels,7702991,Corrective Maintenance,Corrective COR,2016-11-02 04:25:00,8.0,1.0,0.0,ICD-828,Ikegami Color CCD Camera,REPAIRABLE,1.0
38850,71-06,JMRC Instrumentation System,Germany - Hohenfels,7743798,Corrective Maintenance,Corrective COR,2016-11-28 02:45:00,8.0,1.0,0.0,VG2433SMH,"VIEWSONIC 24"" LED MON 16:9 W/SUPERCLEAR ADS TECH/REG",REPAIRABLE,1.0
38990,71-06,JMRC Instrumentation System,Germany - Hohenfels,7762444,Corrective Maintenance,Corrective COR,2016-12-16 10:30:54,8.0,1.0,0.0,STI-AV2PAK-C17,Crestron Control Package,REPAIRABLE,1.0
39171,71-06,JMRC Instrumentation System,Germany - Hohenfels,7797878,Corrective Maintenance,Corrective COR,2017-01-13 15:54:00,8.0,1.0,0.0,T877-25-8205-R,EXCITER,REPAIRABLE,1.0
40201,71-06,JMRC Instrumentation System,Germany - Hohenfels,7411560,Corrective Maintenance,Corrective COR,2016-05-03 07:30:18,8.0,1.0,0.0,NP 4001,NEC  Projector 4001 Lens,REPAIRABLE,1.0
40202,71-06,JMRC Instrumentation System,Germany - Hohenfels,7411560,Corrective Maintenance,Corrective COR,2016-05-03 07:30:18,8.0,1.0,0.0,60002043,"NP 4001, NEC",REPAIRABLE,1.0
40905,71-06,JMRC Instrumentation System,Germany - Hohenfels,7464631,Corrective Maintenance,Corrective COR,2016-06-06 09:28:00,8.0,1.0,0.0,VT2430,"VIEWSONIC 24"" 3D COMP FILTER HDTV QAM TUNER",REPAIRABLE,1.0
40906,71-06,JMRC Instrumentation System,Germany - Hohenfels,7464634,Corrective Maintenance,Corrective COR,2016-06-06 09:28:00,8.0,1.0,0.0,VT2430,"VIEWSONIC 24"" 3D COMP FILTER HDTV QAM TUNER",REPAIRABLE,1.0
41540,71-06,JMRC Instrumentation System,Germany - Hohenfels,7494506,Corrective Maintenance,Corrective COR,2016-06-24 07:53:00,8.0,1.0,0.0,VT2430,"VIEWSONIC 24"" 3D COMP FILTER HDTV QAM TUNER",REPAIRABLE,1.0
41554,71-06,JMRC Instrumentation System,Germany - Hohenfels,7501144,Corrective Maintenance,Corrective COR,2016-06-27 02:53:00,8.0,1.0,0.0,VT2430,"VIEWSONIC 24"" 3D COMP FILTER HDTV QAM TUNER",REPAIRABLE,1.0
41591,71-06,JMRC Instrumentation System,Germany - Hohenfels,7502117,Corrective Maintenance,Corrective COR,2016-06-28 01:49:00,8.0,1.0,0.0,SR-DVM700US,"VIDEO RECORDER, 3 IN 1, DV/DVD/HD, JVC",REPAIRABLE,1.0
41628,71-06,JMRC Instrumentation System,Germany - Hohenfels,7506717,Corrective Maintenance,Corrective COR,2016-06-30 06:30:24,8.0,1.0,0.0,NP1000,LCD Projector,REPAIRABLE,1.0
41629,71-06,JMRC Instrumentation System,Germany - Hohenfels,7506718,Corrective Maintenance,Corrective COR,2016-06-30 07:30:00,8.0,1.0,0.0,NP1000,LCD Projector,REPAIRABLE,1.0
41670,71-06,JMRC Instrumentation System,Germany - Hohenfels,7514919,Corrective Maintenance,Corrective COR,2016-07-05 00:00:00,8.0,1.0,0.0,T2040-723-A65,"RADIO, MOBILE W/MASTER HEAD  OP (OCCS)",REPAIRABLE,1.0
41671,71-06,JMRC Instrumentation System,Germany - Hohenfels,7514920,Corrective Maintenance,Corrective COR,2016-07-05 00:00:00,8.0,1.0,0.0,T2040-723-A65,"RADIO, MOBILE W/MASTER HEAD  OP (OCCS)",REPAIRABLE,1.0
41698,71-06,JMRC Instrumentation System,Germany - Hohenfels,7530272,Corrective Maintenance,Corrective COR,2016-07-18 09:44:00,8.0,1.0,0.0,KAA4040,"AMPLIFIER,  POWER AR KALMUS 500W 10-100MHZ",REPAIRABLE,1.0
41699,71-06,JMRC Instrumentation System,Germany - Hohenfels,7530273,Corrective Maintenance,Corrective COR,2016-07-18 09:55:27,8.0,1.0,0.0,KAA4040,"AMPLIFIER,  POWER AR KALMUS 500W 10-100MHZ",REPAIRABLE,1.0
41999,71-06,JMRC Instrumentation System,Germany - Hohenfels,7572037,Corrective Maintenance,Corrective COR,2016-08-12 08:09:00,8.0,1.0,0.0,VT2430,"VIEWSONIC 24"" 3D COMP FILTER HDTV QAM TUNER",REPAIRABLE,1.0
42000,71-06,JMRC Instrumentation System,Germany - Hohenfels,7572038,Corrective Maintenance,Corrective COR,2016-08-12 08:09:00,8.0,1.0,0.0,VT2430,"VIEWSONIC 24"" 3D COMP FILTER HDTV QAM TUNER",REPAIRABLE,1.0
42012,71-06,JMRC Instrumentation System,Germany - Hohenfels,7578811,Corrective Maintenance,Corrective COR,2016-08-15 18:00:00,8.0,1.0,0.0,60-315-02,"DISTRIBUTION AMPLIFIER, D/2 DA4 DVI",REPAIRABLE,1.0
42421,71-06,JMRC Instrumentation System,Germany - Hohenfels,7602110,Corrective Maintenance,Corrective COR,2016-08-29 10:24:00,8.0,1.0,0.0,T23-129-075-1,"LCD, 24 push-button keys, rack mount (2 RU)",REPAIRABLE,1.0
42720,71-06,JMRC Instrumentation System,Germany - Hohenfels,7614379,Corrective Maintenance,Corrective COR,2016-09-06 04:37:00,8.0,1.0,0.0,LYA8,"Lynx Aurora-8, 8 Channel AD/DA Converter",REPAIRABLE,1.0
43201,71-06,JMRC Instrumentation System,Germany - Hohenfels,7629587,Corrective Maintenance,Corrective COR,2016-09-16 02:27:00,8.0,1.0,0.0,PHMAX 1500,"Leistungsendstufe 2x450W.4Ohm 2HE,14.6kg",REPAIRABLE,1.0
43266,71-06,JMRC Instrumentation System,Germany - Hohenfels,7638623,Corrective Maintenance,Corrective COR,2016-09-22 03:55:00,8.0,1.0,0.0,VT2430,"VIEWSONIC 24"" 3D COMP FILTER HDTV QAM TUNER",REPAIRABLE,1.0
43287,71-06,JMRC Instrumentation System,Germany - Hohenfels,7645747,Corrective Maintenance,Corrective COR,2016-09-28 00:47:00,8.0,1.0,0.0,DV-120K,PIONEER DV-120K MULTI SYSTEM DVD PLAYER,REPAIRABLE,1.0
43455,71-06,JMRC Instrumentation System,Germany - Hohenfels,7658272,Corrective Maintenance,Corrective COR,2016-10-04 02:47:00,8.0,1.0,0.0,S117-801,"DRAWER, 17"" USB KVM",REPAIRABLE,1.0
43457,71-06,JMRC Instrumentation System,Germany - Hohenfels,7658342,Corrective Maintenance,Corrective COR,2016-10-04 09:15:00,8.0,1.0,0.0,SR-DVM700US,"VIDEO RECORDER, 3 IN 1, DV/DVD/HD, JVC",REPAIRABLE,1.0
43460,71-06,JMRC Instrumentation System,Germany - Hohenfels,7659294,Corrective Maintenance,Corrective COR,2016-10-05 01:56:00,8.0,1.0,0.0,JVSRHD1500UK,JVC SR-HD1500 BLU-RAY/HDD RECORDER,REPAIRABLE,1.0
43792,71-06,JMRC Instrumentation System,Germany - Hohenfels,7667024,Corrective Maintenance,Corrective COR,2016-10-11 02:00:00,8.0,1.0,0.0,MIX10NG2,Stereo Mixer System,REPAIRABLE,1.0
43797,71-06,JMRC Instrumentation System,Germany - Hohenfels,7667038,Corrective Maintenance,Corrective COR,2016-10-11 03:00:00,8.0,1.0,0.0,SR-DVM700US,"VIDEO RECORDER, 3 IN 1, DV/DVD/HD, JVC",REPAIRABLE,1.0
44072,71-06,JMRC Instrumentation System,Germany - Hohenfels,7682747,Corrective Maintenance,Corrective COR,2016-10-20 08:00:00,8.0,1.0,0.0,MIX10NG2,Stereo Mixer System,REPAIRABLE,1.0
44172,71-06,JMRC Instrumentation System,Germany - Hohenfels,7689716,Corrective Maintenance,Corrective COR,2016-10-25 08:30:23,8.0,1.0,0.0,T23-129-075-1,"LCD, 24 push-button keys, rack mount (2 RU)",REPAIRABLE,1.0
44236,71-06,JMRC Instrumentation System,Germany - Hohenfels,7693184,Corrective Maintenance,Corrective COR,2016-10-28 04:00:00,8.0,1.0,0.0,R9860923,Controller. Barco,REPAIRABLE,1.0
44407,71-06,JMRC Instrumentation System,Germany - Hohenfels,7705217,Corrective Maintenance,Corrective COR,2016-11-04 08:45:00,8.0,1.0,0.0,VT2430,"VIEWSONIC 24"" 3D COMP FILTER HDTV QAM TUNER",REPAIRABLE,1.0
44498,71-06,JMRC Instrumentation System,Germany - Hohenfels,7724874,Corrective Maintenance,Corrective COR,2016-11-15 08:40:00,8.0,1.0,0.0,MD771A61,Mac Pro: Customed Configured-Two 3.06GHz,REPAIRABLE,1.0
44501,71-06,JMRC Instrumentation System,Germany - Hohenfels,7729614,Corrective Maintenance,Corrective COR,2016-11-18 03:30:00,8.0,1.0,0.0,VT2430,"VIEWSONIC 24"" 3D COMP FILTER HDTV QAM TUNER",REPAIRABLE,1.0
44553,71-06,JMRC Instrumentation System,Germany - Hohenfels,7748630,Corrective Maintenance,Corrective COR,2016-12-02 06:35:00,8.0,1.0,0.0,VT2430,"VIEWSONIC 24"" 3D COMP FILTER HDTV QAM TUNER",REPAIRABLE,1.0
44629,71-06,JMRC Instrumentation System,Germany - Hohenfels,7789951,Corrective Maintenance,Corrective COR,2017-01-10 08:00:32,8.0,1.0,0.0,VT2430,"VIEWSONIC 24"" 3D COMP FILTER HDTV QAM TUNER",REPAIRABLE,1.0
44643,71-06,JMRC Instrumentation System,Germany - Hohenfels,7797875,Corrective Maintenance,Corrective COR,2017-01-13 15:54:00,8.0,1.0,0.0,T878-20-8005-R,POWER AMPLIFIER,REPAIRABLE,1.0
44644,71-06,JMRC Instrumentation System,Germany - Hohenfels,7797876,Corrective Maintenance,Corrective COR,2017-01-13 15:54:00,8.0,1.0,0.0,T878-20-8005-R,POWER AMPLIFIER,REPAIRABLE,1.0
44645,71-06,JMRC Instrumentation System,Germany - Hohenfels,7797877,Corrective Maintenance,Corrective COR,2017-01-13 15:54:00,8.0,1.0,0.0,T877-25-8205-R,EXCITER,REPAIRABLE,1.0
44654,71-06,JMRC Instrumentation System,Germany - Hohenfels,7800011,Corrective Maintenance,Corrective COR,2017-01-19 01:06:00,8.0,1.0,0.0,M9179LL/A,"DISPLAY, CINEMA HD 30"", APPLE COMPUTER",REPAIRABLE,1.0
44896,71-06,JMRC Instrumentation System,Germany - Hohenfels,7842901,Corrective Maintenance,Corrective COR,2017-02-14 05:32:00,8.0,1.0,0.0,VT2430,"VIEWSONIC 24"" 3D COMP FILTER HDTV QAM TUNER",REPAIRABLE,1.0
45024,71-06,JMRC Instrumentation System,Germany - Hohenfels,7848092,Corrective Maintenance,Corrective COR,2017-02-17 08:06:00,8.0,1.0,0.0,RGB XL-4/0,"Video Router, Quadview XL",REPAIRABLE,1.0
45432,71-06,JMRC Instrumentation System,Germany - Hohenfels,7866719,Corrective Maintenance,Corrective COR,2017-03-01 06:24:00,8.0,1.0,0.0,RACKMUX-V17-N-8U,KVM DRAWER,REPAIRABLE,1.0
45472,71-06,JMRC Instrumentation System,Germany - Hohenfels,7872150,Corrective Maintenance,Corrective COR,2017-03-03 07:51:00,8.0,1.0,0.0,VT2430,"VIEWSONIC 24"" 3D COMP FILTER HDTV QAM TUNER",REPAIRABLE,1.0
45502,71-06,JMRC Instrumentation System,Germany - Hohenfels,7880860,Corrective Maintenance,Corrective COR,2017-03-07 09:39:00,8.0,1.0,0.0,VT2430,"VIEWSONIC 24"" 3D COMP FILTER HDTV QAM TUNER",REPAIRABLE,1.0
45570,71-06,JMRC Instrumentation System,Germany - Hohenfels,7883845,Corrective Maintenance,Corrective COR,2017-03-10 09:45:00,8.0,1.0,0.0,SR-DVM700US,"VIDEO RECORDER, 3 IN 1, DV/DVD/HD, JVC",REPAIRABLE,1.0
45590,71-06,JMRC Instrumentation System,Germany - Hohenfels,7883974,Corrective Maintenance,Corrective COR,2017-03-10 05:54:00,8.0,1.0,0.0,LYA8,"Lynx Aurora-8, 8 Channel AD/DA Converter",REPAIRABLE,1.0
45898,71-06,JMRC Instrumentation System,Germany - Hohenfels,7896690,Corrective Maintenance,Corrective COR,2017-03-20 02:36:29,8.0,1.0,0.0,T1722-00-0100,SITE MANAGEMENT MODULE (SMM)  OCCS RADIOS,REPAIRABLE,1.0
45902,71-06,JMRC Instrumentation System,Germany - Hohenfels,7896704,Corrective Maintenance,Corrective COR,2017-03-14 11:42:00,8.0,1.0,0.0,V-R201P-AFHD,"Monitor, 20"", Rackmount",REPAIRABLE,1.0
45906,71-06,JMRC Instrumentation System,Germany - Hohenfels,7896712,Corrective Maintenance,Corrective COR,2017-03-15 04:00:41,8.0,1.0,0.0,SC100-100,"SLING, MEDIA CATCHER",REPAIRABLE,1.0
46085,71-06,JMRC Instrumentation System,Germany - Hohenfels,7901223,Corrective Maintenance,Corrective COR,2017-03-22 14:25:00,8.0,1.0,0.0,SR-DVM700US,"VIDEO RECORDER, 3 IN 1, DV/DVD/HD, JVC",REPAIRABLE,1.0
46351,71-06,JMRC Instrumentation System,Germany - Hohenfels,7909411,Corrective Maintenance,Corrective COR,2017-03-29 09:48:00,8.0,1.0,0.0,MIX10NG2,Stereo Mixer System,REPAIRABLE,1.0
46479,71-06,JMRC Instrumentation System,Germany - Hohenfels,7910915,Corrective Maintenance,Corrective COR,2017-03-30 13:29:00,8.0,1.0,0.0,CC3701H-2,CAMERA,REPAIRABLE,1.0
46497,71-06,JMRC Instrumentation System,Germany - Hohenfels,7923424,Corrective Maintenance,Corrective COR,2017-04-03 05:28:18,8.0,1.0,0.0,VT2430,"VIEWSONIC 24"" 3D COMP FILTER HDTV QAM TUNER",REPAIRABLE,1.0
46498,71-06,JMRC Instrumentation System,Germany - Hohenfels,7923424,Corrective Maintenance,Corrective COR,2017-04-03 05:28:18,8.0,1.0,0.0,VT2430,"VIEWSONIC 24"" 3D COMP FILTER HDTV QAM TUNER",REPAIRABLE,1.0
46499,71-06,JMRC Instrumentation System,Germany - Hohenfels,7923425,Corrective Maintenance,Corrective COR,2017-04-03 05:30:00,8.0,1.0,0.0,VT2430,"VIEWSONIC 24"" 3D COMP FILTER HDTV QAM TUNER",REPAIRABLE,1.0
46524,71-06,JMRC Instrumentation System,Germany - Hohenfels,7936971,Corrective Maintenance,Corrective COR,2017-04-11 02:25:00,8.0,1.0,0.0,MIX10NG2,Stereo Mixer System,REPAIRABLE,1.0
46632,71-06,JMRC Instrumentation System,Germany - Hohenfels,7939658,Corrective Maintenance,Corrective COR,2017-04-13 09:30:00,8.0,1.0,0.0,T23-129-075-1,"LCD, 24 push-button keys, rack mount (2 RU)",REPAIRABLE,1.0
46634,71-06,JMRC Instrumentation System,Germany - Hohenfels,7939661,Corrective Maintenance,Corrective COR,2017-04-13 10:35:00,8.0,1.0,0.0,MIX10NG2,Stereo Mixer System,REPAIRABLE,1.0
46784,71-06,JMRC Instrumentation System,Germany - Hohenfels,8294337,Corrective Maintenance,Corrective COR,2017-04-24 02:28:00,8.0,1.0,0.0,R9860412,Pro HD CD,REPAIRABLE,1.0
46846,71-06,JMRC Instrumentation System,Germany - Hohenfels,8298470,Corrective Maintenance,Corrective COR,2017-04-27 11:03:00,8.0,1.0,0.0,KAA4040,"AMPLIFIER,  POWER AR KALMUS 500W 10-100MHZ",REPAIRABLE,1.0
46847,71-06,JMRC Instrumentation System,Germany - Hohenfels,8298471,Corrective Maintenance,Corrective COR,2017-04-27 11:03:00,8.0,1.0,0.0,KAA4040,"AMPLIFIER,  POWER AR KALMUS 500W 10-100MHZ",REPAIRABLE,1.0
47205,71-06,Exportable Instrumentation System,Germany - Hohenfels,7624039,Corrective Maintenance,Corrective COR,2016-09-12 02:00:00,8.0,1.0,0.0,T878-20-8005-R,POWER AMPLIFIER,REPAIRABLE,1.0
47404,71-06,Exportable Instrumentation System,Germany - Hohenfels,7931267,Corrective Maintenance,Corrective COR,2017-04-07 03:00:00,8.0,1.0,0.0,77TOS501V012,"Server, Operation, Tetra",REPAIRABLE,1.0
48235,71-06,JMRC Instrumentation System,Germany - Hohenfels,DR7584616,Bench/Depot Repair,Corrective COR,2016-08-19 09:00:04,8.0,1.0,0.0,300-00635,SEPURA RECHARGEABLE Li-Polymer Battery 7.4V,REPAIRABLE,1.0
48236,71-06,JMRC Instrumentation System,Germany - Hohenfels,DR7584617,Bench/Depot Repair,Corrective COR,2016-08-19 09:00:05,8.0,1.0,0.0,300-00635,SEPURA RECHARGEABLE Li-Polymer Battery 7.4V,REPAIRABLE,1.0
48237,71-06,JMRC Instrumentation System,Germany - Hohenfels,DR7584618,Bench/Depot Repair,Corrective COR,2016-08-19 09:00:07,8.0,1.0,0.0,300-00635,SEPURA RECHARGEABLE Li-Polymer Battery 7.4V,REPAIRABLE,1.0
48238,71-06,JMRC Instrumentation System,Germany - Hohenfels,DR7584619,Bench/Depot Repair,Corrective COR,2016-08-19 09:00:08,8.0,1.0,0.0,300-00635,SEPURA RECHARGEABLE Li-Polymer Battery 7.4V,REPAIRABLE,1.0
48239,71-06,JMRC Instrumentation System,Germany - Hohenfels,DR7584620,Bench/Depot Repair,Corrective COR,2016-08-19 09:00:09,8.0,1.0,0.0,300-00635,SEPURA RECHARGEABLE Li-Polymer Battery 7.4V,REPAIRABLE,1.0
48240,71-06,JMRC Instrumentation System,Germany - Hohenfels,DR7584621,Bench/Depot Repair,Corrective COR,2016-08-19 09:00:10,8.0,1.0,0.0,300-00635,SEPURA RECHARGEABLE Li-Polymer Battery 7.4V,REPAIRABLE,1.0
48241,71-06,JMRC Instrumentation System,Germany - Hohenfels,DR7584622,Bench/Depot Repair,Corrective COR,2016-08-19 09:00:12,8.0,1.0,0.0,300-00635,SEPURA RECHARGEABLE Li-Polymer Battery 7.4V,REPAIRABLE,1.0
48242,71-06,JMRC Instrumentation System,Germany - Hohenfels,DR7584623,Bench/Depot Repair,Corrective COR,2016-08-19 09:00:13,8.0,1.0,0.0,300-00635,SEPURA RECHARGEABLE Li-Polymer Battery 7.4V,REPAIRABLE,1.0
48243,71-06,JMRC Instrumentation System,Germany - Hohenfels,DR7584624,Bench/Depot Repair,Corrective COR,2016-08-19 09:00:19,8.0,1.0,0.0,300-00635,SEPURA RECHARGEABLE Li-Polymer Battery 7.4V,REPAIRABLE,1.0
48244,71-06,JMRC Instrumentation System,Germany - Hohenfels,DR7584625,Bench/Depot Repair,Corrective COR,2016-08-19 09:00:20,8.0,1.0,0.0,300-00635,SEPURA RECHARGEABLE Li-Polymer Battery 7.4V,REPAIRABLE,1.0
48245,71-06,JMRC Instrumentation System,Germany - Hohenfels,DR7584626,Bench/Depot Repair,Corrective COR,2016-08-19 09:00:21,8.0,1.0,0.0,300-00635,SEPURA RECHARGEABLE Li-Polymer Battery 7.4V,REPAIRABLE,1.0
48246,71-06,JMRC Instrumentation System,Germany - Hohenfels,DR7584627,Bench/Depot Repair,Corrective COR,2016-08-19 09:00:06,8.0,1.0,0.0,300-00635,SEPURA RECHARGEABLE Li-Polymer Battery 7.4V,REPAIRABLE,1.0
48247,71-06,JMRC Instrumentation System,Germany - Hohenfels,DR7584628,Bench/Depot Repair,Corrective COR,2016-08-19 09:00:08,8.0,1.0,0.0,300-00635,SEPURA RECHARGEABLE Li-Polymer Battery 7.4V,REPAIRABLE,1.0
48248,71-06,JMRC Instrumentation System,Germany - Hohenfels,DR7584629,Bench/Depot Repair,Corrective COR,2016-08-19 09:00:10,8.0,1.0,0.0,300-00635,SEPURA RECHARGEABLE Li-Polymer Battery 7.4V,REPAIRABLE,1.0
48249,71-06,JMRC Instrumentation System,Germany - Hohenfels,DR7584630,Bench/Depot Repair,Corrective COR,2016-08-19 09:00:11,8.0,1.0,0.0,300-00635,SEPURA RECHARGEABLE Li-Polymer Battery 7.4V,REPAIRABLE,1.0
48250,71-06,JMRC Instrumentation System,Germany - Hohenfels,DR7584631,Bench/Depot Repair,Corrective COR,2016-08-19 09:00:12,8.0,1.0,0.0,300-00635,SEPURA RECHARGEABLE Li-Polymer Battery 7.4V,REPAIRABLE,1.0
48251,71-06,JMRC Instrumentation System,Germany - Hohenfels,DR7584632,Bench/Depot Repair,Corrective COR,2016-08-19 09:00:13,8.0,1.0,0.0,300-00635,SEPURA RECHARGEABLE Li-Polymer Battery 7.4V,REPAIRABLE,1.0
48252,71-06,JMRC Instrumentation System,Germany - Hohenfels,DR7584633,Bench/Depot Repair,Corrective COR,2016-08-19 09:00:13,8.0,1.0,0.0,300-00635,SEPURA RECHARGEABLE Li-Polymer Battery 7.4V,REPAIRABLE,1.0
48253,71-06,JMRC Instrumentation System,Germany - Hohenfels,DR7584634,Bench/Depot Repair,Corrective COR,2016-08-19 09:00:14,8.0,1.0,0.0,300-00635,SEPURA RECHARGEABLE Li-Polymer Battery 7.4V,REPAIRABLE,1.0
48254,71-06,JMRC Instrumentation System,Germany - Hohenfels,DR7584635,Bench/Depot Repair,Corrective COR,2016-08-19 09:00:15,8.0,1.0,0.0,300-00635,SEPURA RECHARGEABLE Li-Polymer Battery 7.4V,REPAIRABLE,1.0
48255,71-06,JMRC Instrumentation System,Germany - Hohenfels,DR7584636,Bench/Depot Repair,Corrective COR,2016-08-19 09:00:16,8.0,1.0,0.0,300-00635,SEPURA RECHARGEABLE Li-Polymer Battery 7.4V,REPAIRABLE,1.0
48256,71-06,JMRC Instrumentation System,Germany - Hohenfels,DR7584637,Bench/Depot Repair,Corrective COR,2016-08-19 09:00:05,8.0,1.0,0.0,300-00635,SEPURA RECHARGEABLE Li-Polymer Battery 7.4V,REPAIRABLE,1.0
48257,71-06,JMRC Instrumentation System,Germany - Hohenfels,DR7584638,Bench/Depot Repair,Corrective COR,2016-08-19 09:00:06,8.0,1.0,0.0,300-00635,SEPURA RECHARGEABLE Li-Polymer Battery 7.4V,REPAIRABLE,1.0
48258,71-06,JMRC Instrumentation System,Germany - Hohenfels,DR7584639,Bench/Depot Repair,Corrective COR,2016-08-19 09:00:07,8.0,1.0,0.0,300-00635,SEPURA RECHARGEABLE Li-Polymer Battery 7.4V,REPAIRABLE,1.0
48259,71-06,JMRC Instrumentation System,Germany - Hohenfels,DR7584640,Bench/Depot Repair,Corrective COR,2016-08-19 09:00:10,8.0,1.0,0.0,300-00635,SEPURA RECHARGEABLE Li-Polymer Battery 7.4V,REPAIRABLE,1.0
48260,71-06,JMRC Instrumentation System,Germany - Hohenfels,DR7584641,Bench/Depot Repair,Corrective COR,2016-08-19 09:00:12,8.0,1.0,0.0,300-00635,SEPURA RECHARGEABLE Li-Polymer Battery 7.4V,REPAIRABLE,1.0
48261,71-06,JMRC Instrumentation System,Germany - Hohenfels,DR7584642,Bench/Depot Repair,Corrective COR,2016-08-19 09:00:14,8.0,1.0,0.0,300-00635,SEPURA RECHARGEABLE Li-Polymer Battery 7.4V,REPAIRABLE,1.0
48262,71-06,JMRC Instrumentation System,Germany - Hohenfels,DR7584643,Bench/Depot Repair,Corrective COR,2016-08-19 09:00:15,8.0,1.0,0.0,300-00635,SEPURA RECHARGEABLE Li-Polymer Battery 7.4V,REPAIRABLE,1.0
48263,71-06,JMRC Instrumentation System,Germany - Hohenfels,DR7584644,Bench/Depot Repair,Corrective COR,2016-08-19 09:00:16,8.0,1.0,0.0,300-00635,SEPURA RECHARGEABLE Li-Polymer Battery 7.4V,REPAIRABLE,1.0
48264,71-06,JMRC Instrumentation System,Germany - Hohenfels,DR7584645,Bench/Depot Repair,Corrective COR,2016-08-19 09:00:17,8.0,1.0,0.0,300-00635,SEPURA RECHARGEABLE Li-Polymer Battery 7.4V,REPAIRABLE,1.0
48265,71-06,JMRC Instrumentation System,Germany - Hohenfels,DR7584646,Bench/Depot Repair,Corrective COR,2016-08-19 09:00:18,8.0,1.0,0.0,300-00635,SEPURA RECHARGEABLE Li-Polymer Battery 7.4V,REPAIRABLE,1.0
48266,71-06,JMRC Instrumentation System,Germany - Hohenfels,DR7584647,Bench/Depot Repair,Corrective COR,2016-08-19 09:00:06,8.0,1.0,0.0,300-00635,SEPURA RECHARGEABLE Li-Polymer Battery 7.4V,REPAIRABLE,1.0
48267,71-06,JMRC Instrumentation System,Germany - Hohenfels,DR7584648,Bench/Depot Repair,Corrective COR,2016-08-19 09:00:07,8.0,1.0,0.0,300-00635,SEPURA RECHARGEABLE Li-Polymer Battery 7.4V,REPAIRABLE,1.0
48268,71-06,JMRC Instrumentation System,Germany - Hohenfels,DR7584649,Bench/Depot Repair,Corrective COR,2016-08-19 09:00:09,8.0,1.0,0.0,300-00635,SEPURA RECHARGEABLE Li-Polymer Battery 7.4V,REPAIRABLE,1.0
48269,71-06,JMRC Instrumentation System,Germany - Hohenfels,DR7584650,Bench/Depot Repair,Corrective COR,2016-08-19 09:00:11,8.0,1.0,0.0,300-00635,SEPURA RECHARGEABLE Li-Polymer Battery 7.4V,REPAIRABLE,1.0
48270,71-06,JMRC Instrumentation System,Germany - Hohenfels,DR7584651,Bench/Depot Repair,Corrective COR,2016-08-19 09:00:14,8.0,1.0,0.0,300-00635,SEPURA RECHARGEABLE Li-Polymer Battery 7.4V,REPAIRABLE,1.0
48271,71-06,JMRC Instrumentation System,Germany - Hohenfels,DR7584652,Bench/Depot Repair,Corrective COR,2016-08-19 09:00:19,8.0,1.0,0.0,300-00635,SEPURA RECHARGEABLE Li-Polymer Battery 7.4V,REPAIRABLE,1.0
48272,71-06,JMRC Instrumentation System,Germany - Hohenfels,DR7584653,Bench/Depot Repair,Corrective COR,2016-08-19 09:00:20,8.0,1.0,0.0,300-00635,SEPURA RECHARGEABLE Li-Polymer Battery 7.4V,REPAIRABLE,1.0
48273,71-06,JMRC Instrumentation System,Germany - Hohenfels,DR7584654,Bench/Depot Repair,Corrective COR,2016-08-19 09:00:23,8.0,1.0,0.0,300-00635,SEPURA RECHARGEABLE Li-Polymer Battery 7.4V,REPAIRABLE,1.0
48274,71-06,JMRC Instrumentation System,Germany - Hohenfels,DR7584655,Bench/Depot Repair,Corrective COR,2016-08-19 09:00:24,8.0,1.0,0.0,300-00635,SEPURA RECHARGEABLE Li-Polymer Battery 7.4V,REPAIRABLE,1.0
48275,71-06,JMRC Instrumentation System,Germany - Hohenfels,DR7584656,Bench/Depot Repair,Corrective COR,2016-08-19 09:00:25,8.0,1.0,0.0,300-00635,SEPURA RECHARGEABLE Li-Polymer Battery 7.4V,REPAIRABLE,1.0
48276,71-06,JMRC Instrumentation System,Germany - Hohenfels,DR7584657,Bench/Depot Repair,Corrective COR,2016-08-19 09:00:09,8.0,1.0,0.0,300-00635,SEPURA RECHARGEABLE Li-Polymer Battery 7.4V,REPAIRABLE,1.0
48277,71-06,JMRC Instrumentation System,Germany - Hohenfels,DR7584658,Bench/Depot Repair,Corrective COR,2016-08-19 09:00:11,8.0,1.0,0.0,300-00635,SEPURA RECHARGEABLE Li-Polymer Battery 7.4V,REPAIRABLE,1.0
48278,71-06,JMRC Instrumentation System,Germany - Hohenfels,DR7584659,Bench/Depot Repair,Corrective COR,2016-08-19 09:00:13,8.0,1.0,0.0,300-00635,SEPURA RECHARGEABLE Li-Polymer Battery 7.4V,REPAIRABLE,1.0
48279,71-06,JMRC Instrumentation System,Germany - Hohenfels,DR7584660,Bench/Depot Repair,Corrective COR,2016-08-19 09:00:15,8.0,1.0,0.0,300-00635,SEPURA RECHARGEABLE Li-Polymer Battery 7.4V,REPAIRABLE,1.0
48280,71-06,JMRC Instrumentation System,Germany - Hohenfels,DR7584661,Bench/Depot Repair,Corrective COR,2016-08-19 09:00:15,8.0,1.0,0.0,300-00635,SEPURA RECHARGEABLE Li-Polymer Battery 7.4V,REPAIRABLE,1.0
48281,71-06,JMRC Instrumentation System,Germany - Hohenfels,DR7584662,Bench/Depot Repair,Corrective COR,2016-08-19 09:00:17,8.0,1.0,0.0,300-00635,SEPURA RECHARGEABLE Li-Polymer Battery 7.4V,REPAIRABLE,1.0
48282,71-06,JMRC Instrumentation System,Germany - Hohenfels,DR7584663,Bench/Depot Repair,Corrective COR,2016-08-19 09:00:17,8.0,1.0,0.0,300-00635,SEPURA RECHARGEABLE Li-Polymer Battery 7.4V,REPAIRABLE,1.0
48283,71-06,JMRC Instrumentation System,Germany - Hohenfels,DR7584664,Bench/Depot Repair,Corrective COR,2016-08-19 09:00:18,8.0,1.0,0.0,300-00635,SEPURA RECHARGEABLE Li-Polymer Battery 7.4V,REPAIRABLE,1.0
48284,71-06,JMRC Instrumentation System,Germany - Hohenfels,DR7584665,Bench/Depot Repair,Corrective COR,2016-08-19 09:00:20,8.0,1.0,0.0,300-00635,SEPURA RECHARGEABLE Li-Polymer Battery 7.4V,REPAIRABLE,1.0
48285,71-06,JMRC Instrumentation System,Germany - Hohenfels,DR7584666,Bench/Depot Repair,Corrective COR,2016-08-19 09:00:22,8.0,1.0,0.0,300-00635,SEPURA RECHARGEABLE Li-Polymer Battery 7.4V,REPAIRABLE,1.0
48286,71-06,JMRC Instrumentation System,Germany - Hohenfels,DR7584667,Bench/Depot Repair,Corrective COR,2016-08-19 09:00:17,8.0,1.0,0.0,300-00635,SEPURA RECHARGEABLE Li-Polymer Battery 7.4V,REPAIRABLE,1.0
48287,71-06,JMRC Instrumentation System,Germany - Hohenfels,DR7584668,Bench/Depot Repair,Corrective COR,2016-08-19 09:00:18,8.0,1.0,0.0,300-00635,SEPURA RECHARGEABLE Li-Polymer Battery 7.4V,REPAIRABLE,1.0
48288,71-06,JMRC Instrumentation System,Germany - Hohenfels,DR7584669,Bench/Depot Repair,Corrective COR,2016-08-19 09:00:19,8.0,1.0,0.0,300-00635,SEPURA RECHARGEABLE Li-Polymer Battery 7.4V,REPAIRABLE,1.0
48289,71-06,JMRC Instrumentation System,Germany - Hohenfels,DR7584670,Bench/Depot Repair,Corrective COR,2016-08-19 09:00:21,8.0,1.0,0.0,300-00635,SEPURA RECHARGEABLE Li-Polymer Battery 7.4V,REPAIRABLE,1.0
48290,71-06,JMRC Instrumentation System,Germany - Hohenfels,DR7584671,Bench/Depot Repair,Corrective COR,2016-08-19 09:00:23,8.0,1.0,0.0,300-00635,SEPURA RECHARGEABLE Li-Polymer Battery 7.4V,REPAIRABLE,1.0
48291,71-06,JMRC Instrumentation System,Germany - Hohenfels,DR7584672,Bench/Depot Repair,Corrective COR,2016-08-19 09:00:26,8.0,1.0,0.0,300-00635,SEPURA RECHARGEABLE Li-Polymer Battery 7.4V,REPAIRABLE,1.0
48292,71-06,JMRC Instrumentation System,Germany - Hohenfels,DR7584673,Bench/Depot Repair,Corrective COR,2016-08-19 09:00:28,8.0,1.0,0.0,300-00635,SEPURA RECHARGEABLE Li-Polymer Battery 7.4V,REPAIRABLE,1.0
48293,71-06,JMRC Instrumentation System,Germany - Hohenfels,DR7584674,Bench/Depot Repair,Corrective COR,2016-08-19 09:00:29,8.0,1.0,0.0,300-00635,SEPURA RECHARGEABLE Li-Polymer Battery 7.4V,REPAIRABLE,1.0
48294,71-06,JMRC Instrumentation System,Germany - Hohenfels,DR7584675,Bench/Depot Repair,Corrective COR,2016-08-19 09:00:29,8.0,1.0,0.0,300-00635,SEPURA RECHARGEABLE Li-Polymer Battery 7.4V,REPAIRABLE,1.0
48295,71-06,JMRC Instrumentation System,Germany - Hohenfels,DR7584676,Bench/Depot Repair,Corrective COR,2016-08-19 09:00:30,8.0,1.0,0.0,300-00635,SEPURA RECHARGEABLE Li-Polymer Battery 7.4V,REPAIRABLE,1.0
48296,71-06,JMRC Instrumentation System,Germany - Hohenfels,DR7584677,Bench/Depot Repair,Corrective COR,2016-08-19 09:00:18,8.0,1.0,0.0,300-00635,SEPURA RECHARGEABLE Li-Polymer Battery 7.4V,REPAIRABLE,1.0
48297,71-06,JMRC Instrumentation System,Germany - Hohenfels,DR7584678,Bench/Depot Repair,Corrective COR,2016-08-19 09:00:21,8.0,1.0,0.0,300-00635,SEPURA RECHARGEABLE Li-Polymer Battery 7.4V,REPAIRABLE,1.0
48298,71-06,JMRC Instrumentation System,Germany - Hohenfels,DR7584679,Bench/Depot Repair,Corrective COR,2016-08-19 09:00:22,8.0,1.0,0.0,300-00635,SEPURA RECHARGEABLE Li-Polymer Battery 7.4V,REPAIRABLE,1.0
48789,71-06,JMRC Instrumentation System,Germany - Hohenfels,DR7771373,Bench/Depot Repair,Corrective COR,2016-12-21 03:46:08,8.0,1.0,0.0,300-00635,SEPURA RECHARGEABLE Li-Polymer Battery 7.4V,REPAIRABLE,1.0
50168,71-06,JMRC Instrumentation System,Germany - Hohenfels,8323971,Corrective Maintenance,Corrective COR,2017-05-12 14:21:00,9.0,1.0,0.0,VT2430,"VIEWSONIC 24"" 3D COMP FILTER HDTV QAM TUNER",REPAIRABLE,1.0
50517,71-06,JMRC Instrumentation System,Germany - Hohenfels,8375334,Corrective Maintenance,Corrective COR,2017-06-12 05:34:38,9.0,1.0,0.0,C50:10-SM-S9IN-SV2(NE-036),Carbide-50 System Side Mount,REPAIRABLE,1.0
50551,71-06,JMRC Instrumentation System,Germany - Hohenfels,8383851,Corrective Maintenance,Corrective COR,2017-06-19 06:31:00,9.0,1.0,0.0,VIVT2430/VT2430,"VIEWSONIC VT2430 24"" WIDESCREEN LCD HDTV/REG",REPAIRABLE,1.0
50644,71-06,JMRC Instrumentation System,Germany - Hohenfels,8426738,Corrective Maintenance,Corrective COR,2016-01-15 03:58:00,9.0,1.0,0.0,RV-850029,"PUMP, VCS VIP1000S W/SHOE",REPAIRABLE,1.0
50690,71-06,JMRC Instrumentation System,Germany - Hohenfels,8447204,Corrective Maintenance,Corrective COR,2017-07-28 13:00:00,9.0,1.0,0.0,R9860412,Pro HD CD,REPAIRABLE,1.0
51106,71-06,JMRC Instrumentation System,Germany - Hohenfels,8490240,Corrective Maintenance,Corrective COR,2017-08-28 07:45:46,9.0,1.0,0.0,VG2433SMH,"VIEWSONIC 24"" LED MON 16:9 W/SUPERCLEAR ADS TECH/REG",REPAIRABLE,1.0
51107,71-06,JMRC Instrumentation System,Germany - Hohenfels,8491411,Corrective Maintenance,Corrective COR,2017-08-29 08:40:09,9.0,1.0,0.0,P2715Q,"MONITOR, 27 ULTRA HD 4K, DELL",REPAIRABLE,1.0
51108,71-06,JMRC Instrumentation System,Germany - Hohenfels,8491412,Corrective Maintenance,Corrective COR,2017-08-29 09:40:00,9.0,1.0,0.0,P2715Q,"MONITOR, 27 ULTRA HD 4K, DELL",REPAIRABLE,1.0
51203,71-06,JMRC Instrumentation System,Germany - Hohenfels,8535621,Corrective Maintenance,Corrective COR,2017-09-28 09:00:00,9.0,1.0,0.0,MIX10NG2,Stereo Mixer System,REPAIRABLE,1.0
52532,71-06,JMRC Instrumentation System,Germany - Hohenfels,8307430,Corrective Maintenance,Corrective COR,2017-05-01 08:54:00,9.0,1.0,0.0,MIX10NG2,Stereo Mixer System,REPAIRABLE,1.0
52838,71-06,JMRC Instrumentation System,Germany - Hohenfels,8314910,Corrective Maintenance,Corrective COR,2017-05-05 13:15:00,9.0,1.0,0.0,R9860412,Pro HD CD,REPAIRABLE,1.0
53223,71-06,JMRC Instrumentation System,Germany - Hohenfels,8331603,Corrective Maintenance,Corrective COR,2017-05-16 07:05:18,9.0,1.0,0.0,KAA4040,"AMPLIFIER,  POWER AR KALMUS 500W 10-100MHZ",REPAIRABLE,1.0
53278,71-06,JMRC Instrumentation System,Germany - Hohenfels,8332517,Corrective Maintenance,Corrective COR,2017-05-17 06:31:42,9.0,1.0,0.0,NP1150,"Projector, LCD NEC",REPAIRABLE,1.0
53362,71-06,JMRC Instrumentation System,Germany - Hohenfels,8334573,Corrective Maintenance,Corrective COR,2017-05-17 00:00:00,9.0,1.0,0.0,SR-HD2700US,"RECORDER, HDD, BLUE-RAY, W/HD-SDI, JVC",REPAIRABLE,1.0
53525,71-06,JMRC Instrumentation System,Germany - Hohenfels,8355196,Corrective Maintenance,Corrective COR,2017-05-30 06:24:00,9.0,1.0,0.0,NP 4001,NEC  Projector 4001 Lens,REPAIRABLE,1.0
53659,71-06,JMRC Instrumentation System,Germany - Hohenfels,8362283,Corrective Maintenance,Corrective COR,2017-06-05 11:28:00,9.0,1.0,0.0,T875-25-8250-R,RECEIVER,REPAIRABLE,1.0
53660,71-06,JMRC Instrumentation System,Germany - Hohenfels,8362284,Corrective Maintenance,Corrective COR,2017-06-05 11:28:00,9.0,1.0,0.0,T878-20-8005-R,POWER AMPLIFIER,REPAIRABLE,1.0
53661,71-06,JMRC Instrumentation System,Germany - Hohenfels,8362285,Corrective Maintenance,Corrective COR,2017-06-05 11:28:00,9.0,1.0,0.0,T877-25-8205-R,EXCITER,REPAIRABLE,1.0
53748,71-06,JMRC Instrumentation System,Germany - Hohenfels,8363285,Corrective Maintenance,Corrective COR,2017-06-06 10:23:00,9.0,1.0,0.0,R9860412,Pro HD CD,REPAIRABLE,1.0
53971,71-06,JMRC Instrumentation System,Germany - Hohenfels,8376374,Corrective Maintenance,Corrective COR,2017-06-13 12:10:00,9.0,1.0,0.0,V-R82DP-HD,"Screen, Duel 8.4"", HDSDI-MultiFormat",REPAIRABLE,1.0
54024,71-06,JMRC Instrumentation System,Germany - Hohenfels,8378982,Corrective Maintenance,Corrective COR,2017-06-15 08:35:00,9.0,1.0,0.0,ARDM1B,"16 Ch. Montr-1RU, Mainframe w/ CLR/REG",REPAIRABLE,1.0
54398,71-06,JMRC Instrumentation System,Germany - Hohenfels,8447919,Corrective Maintenance,Corrective COR,2017-08-01 00:00:00,9.0,1.0,0.0,R9860412,Pro HD CD,REPAIRABLE,1.0
54399,71-06,JMRC Instrumentation System,Germany - Hohenfels,8447958,Corrective Maintenance,Corrective COR,2017-08-01 00:00:00,9.0,1.0,0.0,R9860412,Pro HD CD,REPAIRABLE,1.0
54435,71-06,JMRC Instrumentation System,Germany - Hohenfels,8457230,Corrective Maintenance,Corrective COR,2017-08-07 06:30:00,9.0,1.0,0.0,60-336-11,"SWITCHER, CROSSPOINT450 PLUS 88 HVA",REPAIRABLE,1.0
54456,71-06,JMRC Instrumentation System,Germany - Hohenfels,8457997,Corrective Maintenance,Corrective COR,2017-08-08 01:00:00,9.0,1.0,0.0,R9860412,Pro HD CD,REPAIRABLE,1.0
54701,71-06,JMRC Instrumentation System,Germany - Hohenfels,8476750,Corrective Maintenance,Corrective COR,2017-08-21 08:55:00,9.0,1.0,0.0,VT2430,"VIEWSONIC 24"" 3D COMP FILTER HDTV QAM TUNER",REPAIRABLE,1.0
54765,71-06,JMRC Instrumentation System,Germany - Hohenfels,8479587,Corrective Maintenance,Corrective COR,2017-08-24 10:00:13,9.0,1.0,0.0,NP-P502HL,"PROJECTOR, PROFESSIONAL DLP, 5000-LUMEN, NEC",REPAIRABLE,1.0
54773,71-06,JMRC Instrumentation System,Germany - Hohenfels,8480482,Corrective Maintenance,Corrective COR,2017-08-25 07:00:00,9.0,1.0,0.0,NP-P502HL,"PROJECTOR, PROFESSIONAL DLP, 5000-LUMEN, NEC",REPAIRABLE,1.0
54774,71-06,JMRC Instrumentation System,Germany - Hohenfels,8480484,Corrective Maintenance,Corrective COR,2017-08-25 08:30:00,9.0,1.0,0.0,NP-P502HL,"PROJECTOR, PROFESSIONAL DLP, 5000-LUMEN, NEC",REPAIRABLE,1.0
54811,71-06,JMRC Instrumentation System,Germany - Hohenfels,8493230,Corrective Maintenance,Corrective COR,2017-08-31 06:30:00,9.0,1.0,0.0,MAVMD201,"MARSHALL ELECTRONICS V-MD201 20"" 7RU HIGH",REPAIRABLE,1.0
54812,71-06,JMRC Instrumentation System,Germany - Hohenfels,8493230,Corrective Maintenance,Corrective COR,2017-08-31 06:30:00,9.0,1.0,0.0,V-R201P-AFHD,"Monitor, 20"", Rackmount",REPAIRABLE,1.0
55102,71-06,JMRC Instrumentation System,Germany - Hohenfels,8545083,Corrective Maintenance,Corrective COR,2017-10-04 09:00:00,9.0,1.0,0.0,VR842DPAFHD,"MARHSALL DUAL 8.4"" HS MONITOR",REPAIRABLE,1.0
55494,71-06,JMRC Instrumentation System,Germany - Hohenfels,8575801,Corrective Maintenance,Corrective COR,2017-10-25 07:00:00,9.0,1.0,0.0,M5-MRTI-32,"CAMERA, THERMAL, IMAGER, PTZ, SPI CORP",REPAIRABLE,1.0
55605,71-06,JMRC Instrumentation System,Germany - Hohenfels,8598509,Corrective Maintenance,Corrective COR,2017-11-07 09:51:28,9.0,1.0,0.0,TR412,Transceiver,REPAIRABLE,1.0
55681,71-06,JMRC Instrumentation System,Germany - Hohenfels,8606857,Corrective Maintenance,Corrective COR,2017-11-13 08:00:00,9.0,1.0,0.0,MAVMD201,"MARSHALL ELECTRONICS V-MD201 20"" 7RU HIGH",REPAIRABLE,1.0
55766,71-06,JMRC Instrumentation System,Germany - Hohenfels,8610518,Corrective Maintenance,Corrective COR,2017-11-06 00:00:00,9.0,1.0,0.0,VT2430,"VIEWSONIC 24"" 3D COMP FILTER HDTV QAM TUNER",REPAIRABLE,1.0
56027,71-06,JMRC Instrumentation System,Germany - Hohenfels,8640749,Corrective Maintenance,Corrective COR,2017-12-08 13:30:00,9.0,1.0,0.0,S117-801,"DRAWER, 17"" USB KVM",REPAIRABLE,1.0
56051,71-06,JMRC Instrumentation System,Germany - Hohenfels,8644620,Corrective Maintenance,Corrective COR,2017-12-11 14:20:00,9.0,1.0,0.0,TE1000-0301-0101-ACAC-10,"SERVER, ENABLEMONITOR,AC CENTRAL/PROBE, TAIT",REPAIRABLE,1.0
56152,71-06,JMRC Instrumentation System,Germany - Hohenfels,8678246,Corrective Maintenance,Corrective COR,2018-01-11 08:00:00,9.0,1.0,0.0,MIX10NG2,Stereo Mixer System,REPAIRABLE,1.0
56440,71-06,JMRC Instrumentation System,Germany - Hohenfels,8705624,Corrective Maintenance,Corrective COR,2018-01-30 08:00:00,9.0,1.0,0.0,MIX10NG2,Stereo Mixer System,REPAIRABLE,1.0
56474,71-06,JMRC Instrumentation System,Germany - Hohenfels,8709579,Corrective Maintenance,Corrective COR,2018-02-01 08:15:00,9.0,1.0,0.0,MIX10NG2,Stereo Mixer System,REPAIRABLE,1.0
56513,71-06,JMRC Instrumentation System,Germany - Hohenfels,8715428,Corrective Maintenance,Corrective COR,2018-02-05 01:12:22,9.0,1.0,0.0,VT2430,"VIEWSONIC 24"" 3D COMP FILTER HDTV QAM TUNER",REPAIRABLE,1.0
56586,71-06,JMRC Instrumentation System,Germany - Hohenfels,8720265,Corrective Maintenance,Corrective COR,2018-02-06 03:22:21,9.0,1.0,0.0,23046MS,"CAMERA, THERMAL, IR, AXSYS",REPAIRABLE,1.0
56809,71-06,JMRC Instrumentation System,Germany - Hohenfels,8739808,Corrective Maintenance,Corrective COR,2018-02-23 06:30:00,9.0,1.0,0.0,R9860412,Pro HD CD,REPAIRABLE,1.0
56895,71-06,JMRC Instrumentation System,Germany - Hohenfels,8753006,Corrective Maintenance,Corrective COR,2018-02-27 14:13:18,9.0,1.0,0.0,R9860412,Pro HD CD,REPAIRABLE,1.0
56991,71-06,JMRC Instrumentation System,Germany - Hohenfels,8769159,Corrective Maintenance,Corrective COR,2018-03-07 06:38:30,9.0,1.0,0.0,C3KX-NM-1G=,"CATALYST, CISCO",REPAIRABLE,1.0
57032,71-06,JMRC Instrumentation System,Germany - Hohenfels,8770539,Corrective Maintenance,Corrective COR,2018-03-09 06:55:34,9.0,1.0,0.0,RMBR300,"JOYSTICK, RM-BR300 REMOTE CONTROL PANEL, SONY",REPAIRABLE,1.0
57090,71-06,JMRC Instrumentation System,Germany - Hohenfels,8781966,Corrective Maintenance,Corrective COR,2018-03-15 10:12:39,9.0,1.0,0.0,WS-C3560G-24PS-S,"SWITCH, ETHERNET, NETWORK, 24 PORT, CATALYST 3560G, 10/100/1000T, CISCO",REPAIRABLE,1.0
57134,71-06,JMRC Instrumentation System,Germany - Hohenfels,8787534,Corrective Maintenance,Corrective COR,2018-03-21 00:00:00,9.0,1.0,0.0,VT2430,"VIEWSONIC 24"" 3D COMP FILTER HDTV QAM TUNER",REPAIRABLE,1.0
57257,71-06,JMRC Instrumentation System,Germany - Hohenfels,8818877,Corrective Maintenance,Corrective COR,2018-04-11 12:55:00,9.0,1.0,0.0,60-334-11,"SWITCHER, 12 X 8, RGBHV, CROSSPOINT, STEREO AUDIO, EXTRON",REPAIRABLE,1.0
57334,71-06,JMRC Instrumentation System,Germany - Hohenfels,8829495,Corrective Maintenance,Corrective COR,2018-04-18 02:31:28,9.0,1.0,0.0,T23-132-075-3,Dices IV Think Client Station,REPAIRABLE,1.0
57535,71-06,Exportable Instrumentation System,Germany - Hohenfels,8331704,Corrective Maintenance,Corrective COR,2017-05-16 08:00:00,9.0,1.0,0.0,56146,DELL PERCISION T7500 WORKSTATION,REPAIRABLE,1.0
57794,71-06,Exportable Instrumentation System,Germany - Hohenfels,8647900,Corrective Maintenance,Corrective COR,2017-12-15 03:00:00,9.0,1.0,0.0,RACKMUX-UW17,NTI RACKMOUNT USB KVM DRAWER W/TOUCHPAD MOUSE,REPAIRABLE,1.0
57831,71-06,Exportable Instrumentation System,Germany - Hohenfels,8690915,Corrective Maintenance,Corrective COR,2017-01-19 03:00:00,9.0,1.0,0.0,ENVIROMUX-SEMS-16,"SERVER, ENVIRONMENT, MONITORING, DEVICE, ENVIROMUX",REPAIRABLE,1.0
57866,71-06,Exportable Instrumentation System,Germany - Hohenfels,8765904,Corrective Maintenance,Corrective COR,2018-03-04 02:00:00,9.0,1.0,0.0,40-140801,8 CHANNEL UHF HYBRID COMBINER,REPAIRABLE,1.0
58061,71-06,JMRC Instrumentation System,Germany - Hohenfels,DR8314497,Bench/Depot Repair,Corrective COR,2017-05-05 04:38:13,9.0,1.0,0.0,300-00635,SEPURA RECHARGEABLE Li-Polymer Battery 7.4V,REPAIRABLE,1.0
58131,71-06,JMRC Instrumentation System,Germany - Hohenfels,DR8339345,Bench/Depot Repair,Corrective COR,2017-05-23 07:02:15,9.0,1.0,0.0,213667,"RADIO, PRECISION RANGE, TRACKING AND LOCATION (PRTLS) SEPURA",REPAIRABLE,1.0
58136,71-06,JMRC Instrumentation System,Germany - Hohenfels,DR8339348,Bench/Depot Repair,Corrective COR,2017-05-23 07:02:16,9.0,1.0,0.0,213667,"RADIO, PRECISION RANGE, TRACKING AND LOCATION (PRTLS) SEPURA",REPAIRABLE,1.0
59063,71-06,JMRC Instrumentation System,Germany - Hohenfels,DR8559055,Bench/Depot Repair,Corrective COR,2017-10-16 03:20:09,9.0,1.0,0.0,300-00635,SEPURA RECHARGEABLE Li-Polymer Battery 7.4V,REPAIRABLE,1.0
59095,71-06,JMRC Instrumentation System,Germany - Hohenfels,DR8562185,Bench/Depot Repair,Corrective COR,2017-10-18 02:20:20,9.0,1.0,0.0,300-00635,SEPURA RECHARGEABLE Li-Polymer Battery 7.4V,REPAIRABLE,1.0
60379,71-06,JMRC Instrumentation System,Germany - Hohenfels,DR8630055,Bench/Depot Repair,Corrective COR,2017-11-30 04:10:10,9.0,1.0,0.0,300-00635,SEPURA RECHARGEABLE Li-Polymer Battery 7.4V,REPAIRABLE,1.0
60380,71-06,JMRC Instrumentation System,Germany - Hohenfels,DR8630056,Bench/Depot Repair,Corrective COR,2017-11-30 04:10:10,9.0,1.0,0.0,300-00635,SEPURA RECHARGEABLE Li-Polymer Battery 7.4V,REPAIRABLE,1.0
60381,71-06,JMRC Instrumentation System,Germany - Hohenfels,DR8630057,Bench/Depot Repair,Corrective COR,2017-11-30 04:10:10,9.0,1.0,0.0,300-00635,SEPURA RECHARGEABLE Li-Polymer Battery 7.4V,REPAIRABLE,1.0
60382,71-06,JMRC Instrumentation System,Germany - Hohenfels,DR8630058,Bench/Depot Repair,Corrective COR,2017-11-30 04:10:10,9.0,1.0,0.0,300-00635,SEPURA RECHARGEABLE Li-Polymer Battery 7.4V,REPAIRABLE,1.0
60383,71-06,JMRC Instrumentation System,Germany - Hohenfels,DR8630059,Bench/Depot Repair,Corrective COR,2017-11-30 04:10:11,9.0,1.0,0.0,300-00635,SEPURA RECHARGEABLE Li-Polymer Battery 7.4V,REPAIRABLE,1.0
60384,71-06,JMRC Instrumentation System,Germany - Hohenfels,DR8630060,Bench/Depot Repair,Corrective COR,2017-11-30 04:10:11,9.0,1.0,0.0,300-00635,SEPURA RECHARGEABLE Li-Polymer Battery 7.4V,REPAIRABLE,1.0
60385,71-06,JMRC Instrumentation System,Germany - Hohenfels,DR8630061,Bench/Depot Repair,Corrective COR,2017-11-30 04:10:12,9.0,1.0,0.0,300-00635,SEPURA RECHARGEABLE Li-Polymer Battery 7.4V,REPAIRABLE,1.0
60386,71-06,JMRC Instrumentation System,Germany - Hohenfels,DR8630062,Bench/Depot Repair,Corrective COR,2017-11-30 04:10:13,9.0,1.0,0.0,300-00635,SEPURA RECHARGEABLE Li-Polymer Battery 7.4V,REPAIRABLE,1.0
60387,71-06,JMRC Instrumentation System,Germany - Hohenfels,DR8630063,Bench/Depot Repair,Corrective COR,2017-11-30 04:10:14,9.0,1.0,0.0,300-00635,SEPURA RECHARGEABLE Li-Polymer Battery 7.4V,REPAIRABLE,1.0
60388,71-06,JMRC Instrumentation System,Germany - Hohenfels,DR8630064,Bench/Depot Repair,Corrective COR,2017-11-30 04:10:14,9.0,1.0,0.0,300-00635,SEPURA RECHARGEABLE Li-Polymer Battery 7.4V,REPAIRABLE,1.0
60389,71-06,JMRC Instrumentation System,Germany - Hohenfels,DR8630065,Bench/Depot Repair,Corrective COR,2017-11-30 04:10:15,9.0,1.0,0.0,300-00635,SEPURA RECHARGEABLE Li-Polymer Battery 7.4V,REPAIRABLE,1.0
60390,71-06,JMRC Instrumentation System,Germany - Hohenfels,DR8630066,Bench/Depot Repair,Corrective COR,2017-11-30 04:10:16,9.0,1.0,0.0,300-00635,SEPURA RECHARGEABLE Li-Polymer Battery 7.4V,REPAIRABLE,1.0
60391,71-06,JMRC Instrumentation System,Germany - Hohenfels,DR8630067,Bench/Depot Repair,Corrective COR,2017-11-30 04:10:17,9.0,1.0,0.0,300-00635,SEPURA RECHARGEABLE Li-Polymer Battery 7.4V,REPAIRABLE,1.0
60392,71-06,JMRC Instrumentation System,Germany - Hohenfels,DR8630068,Bench/Depot Repair,Corrective COR,2017-11-30 04:10:18,9.0,1.0,0.0,300-00635,SEPURA RECHARGEABLE Li-Polymer Battery 7.4V,REPAIRABLE,1.0
60393,71-06,JMRC Instrumentation System,Germany - Hohenfels,DR8630069,Bench/Depot Repair,Corrective COR,2017-11-30 04:10:19,9.0,1.0,0.0,300-00635,SEPURA RECHARGEABLE Li-Polymer Battery 7.4V,REPAIRABLE,1.0
60394,71-06,JMRC Instrumentation System,Germany - Hohenfels,DR8630070,Bench/Depot Repair,Corrective COR,2017-11-30 04:10:11,9.0,1.0,0.0,300-00635,SEPURA RECHARGEABLE Li-Polymer Battery 7.4V,REPAIRABLE,1.0
60395,71-06,JMRC Instrumentation System,Germany - Hohenfels,DR8630071,Bench/Depot Repair,Corrective COR,2017-11-30 04:10:12,9.0,1.0,0.0,300-00635,SEPURA RECHARGEABLE Li-Polymer Battery 7.4V,REPAIRABLE,1.0
60396,71-06,JMRC Instrumentation System,Germany - Hohenfels,DR8630072,Bench/Depot Repair,Corrective COR,2017-11-30 04:10:13,9.0,1.0,0.0,300-00635,SEPURA RECHARGEABLE Li-Polymer Battery 7.4V,REPAIRABLE,1.0
60397,71-06,JMRC Instrumentation System,Germany - Hohenfels,DR8630073,Bench/Depot Repair,Corrective COR,2017-11-30 04:10:14,9.0,1.0,0.0,300-00635,SEPURA RECHARGEABLE Li-Polymer Battery 7.4V,REPAIRABLE,1.0
60398,71-06,JMRC Instrumentation System,Germany - Hohenfels,DR8630074,Bench/Depot Repair,Corrective COR,2017-11-30 04:10:14,9.0,1.0,0.0,300-00635,SEPURA RECHARGEABLE Li-Polymer Battery 7.4V,REPAIRABLE,1.0
60399,71-06,JMRC Instrumentation System,Germany - Hohenfels,DR8630075,Bench/Depot Repair,Corrective COR,2017-11-30 04:10:15,9.0,1.0,0.0,300-00635,SEPURA RECHARGEABLE Li-Polymer Battery 7.4V,REPAIRABLE,1.0
60400,71-06,JMRC Instrumentation System,Germany - Hohenfels,DR8630076,Bench/Depot Repair,Corrective COR,2017-11-30 04:10:16,9.0,1.0,0.0,300-00635,SEPURA RECHARGEABLE Li-Polymer Battery 7.4V,REPAIRABLE,1.0
60401,71-06,JMRC Instrumentation System,Germany - Hohenfels,DR8630077,Bench/Depot Repair,Corrective COR,2017-11-30 04:10:17,9.0,1.0,0.0,300-00635,SEPURA RECHARGEABLE Li-Polymer Battery 7.4V,REPAIRABLE,1.0
60402,71-06,JMRC Instrumentation System,Germany - Hohenfels,DR8630078,Bench/Depot Repair,Corrective COR,2017-11-30 04:10:18,9.0,1.0,0.0,300-00635,SEPURA RECHARGEABLE Li-Polymer Battery 7.4V,REPAIRABLE,1.0
60403,71-06,JMRC Instrumentation System,Germany - Hohenfels,DR8630079,Bench/Depot Repair,Corrective COR,2017-11-30 04:10:19,9.0,1.0,0.0,300-00635,SEPURA RECHARGEABLE Li-Polymer Battery 7.4V,REPAIRABLE,1.0
61342,71-06,JMRC Instrumentation System,Germany - Hohenfels,DR8720497,Bench/Depot Repair,Corrective COR,2018-02-08 03:54:04,9.0,1.0,0.0,300-00635,SEPURA RECHARGEABLE Li-Polymer Battery 7.4V,REPAIRABLE,1.0
61343,71-06,JMRC Instrumentation System,Germany - Hohenfels,DR8720560,Bench/Depot Repair,Corrective COR,2018-02-08 06:08:11,9.0,1.0,0.0,300-00635,SEPURA RECHARGEABLE Li-Polymer Battery 7.4V,REPAIRABLE,1.0
61344,71-06,JMRC Instrumentation System,Germany - Hohenfels,DR8720561,Bench/Depot Repair,Corrective COR,2018-02-08 06:08:06,9.0,1.0,0.0,300-00635,SEPURA RECHARGEABLE Li-Polymer Battery 7.4V,REPAIRABLE,1.0
61345,71-06,JMRC Instrumentation System,Germany - Hohenfels,DR8720562,Bench/Depot Repair,Corrective COR,2018-02-08 06:08:08,9.0,1.0,0.0,300-00635,SEPURA RECHARGEABLE Li-Polymer Battery 7.4V,REPAIRABLE,1.0
61346,71-06,JMRC Instrumentation System,Germany - Hohenfels,DR8720563,Bench/Depot Repair,Corrective COR,2018-02-08 06:08:08,9.0,1.0,0.0,300-00635,SEPURA RECHARGEABLE Li-Polymer Battery 7.4V,REPAIRABLE,1.0
61347,71-06,JMRC Instrumentation System,Germany - Hohenfels,DR8720564,Bench/Depot Repair,Corrective COR,2018-02-08 06:08:10,9.0,1.0,0.0,300-00635,SEPURA RECHARGEABLE Li-Polymer Battery 7.4V,REPAIRABLE,1.0
61348,71-06,JMRC Instrumentation System,Germany - Hohenfels,DR8720565,Bench/Depot Repair,Corrective COR,2018-02-08 06:08:09,9.0,1.0,0.0,300-00635,SEPURA RECHARGEABLE Li-Polymer Battery 7.4V,REPAIRABLE,1.0
61349,71-06,JMRC Instrumentation System,Germany - Hohenfels,DR8720566,Bench/Depot Repair,Corrective COR,2018-02-08 06:08:12,9.0,1.0,0.0,300-00635,SEPURA RECHARGEABLE Li-Polymer Battery 7.4V,REPAIRABLE,1.0
61350,71-06,JMRC Instrumentation System,Germany - Hohenfels,DR8720567,Bench/Depot Repair,Corrective COR,2018-02-08 06:08:14,9.0,1.0,0.0,300-00635,SEPURA RECHARGEABLE Li-Polymer Battery 7.4V,REPAIRABLE,1.0
61351,71-06,JMRC Instrumentation System,Germany - Hohenfels,DR8720568,Bench/Depot Repair,Corrective COR,2018-02-08 06:08:17,9.0,1.0,0.0,300-00635,SEPURA RECHARGEABLE Li-Polymer Battery 7.4V,REPAIRABLE,1.0
61352,71-06,JMRC Instrumentation System,Germany - Hohenfels,DR8720569,Bench/Depot Repair,Corrective COR,2018-02-08 06:08:18,9.0,1.0,0.0,300-00635,SEPURA RECHARGEABLE Li-Polymer Battery 7.4V,REPAIRABLE,1.0
61353,71-06,JMRC Instrumentation System,Germany - Hohenfels,DR8720570,Bench/Depot Repair,Corrective COR,2018-02-08 06:08:19,9.0,1.0,0.0,300-00635,SEPURA RECHARGEABLE Li-Polymer Battery 7.4V,REPAIRABLE,1.0
61354,71-06,JMRC Instrumentation System,Germany - Hohenfels,DR8720571,Bench/Depot Repair,Corrective COR,2018-02-08 06:08:20,9.0,1.0,0.0,300-00635,SEPURA RECHARGEABLE Li-Polymer Battery 7.4V,REPAIRABLE,1.0
61355,71-06,JMRC Instrumentation System,Germany - Hohenfels,DR8720572,Bench/Depot Repair,Corrective COR,2018-02-08 06:08:21,9.0,1.0,0.0,300-00635,SEPURA RECHARGEABLE Li-Polymer Battery 7.4V,REPAIRABLE,1.0
61356,71-06,JMRC Instrumentation System,Germany - Hohenfels,DR8720573,Bench/Depot Repair,Corrective COR,2018-02-08 06:08:21,9.0,1.0,0.0,300-00635,SEPURA RECHARGEABLE Li-Polymer Battery 7.4V,REPAIRABLE,1.0
61357,71-06,JMRC Instrumentation System,Germany - Hohenfels,DR8720574,Bench/Depot Repair,Corrective COR,2018-02-08 06:08:23,9.0,1.0,0.0,300-00635,SEPURA RECHARGEABLE Li-Polymer Battery 7.4V,REPAIRABLE,1.0
61358,71-06,JMRC Instrumentation System,Germany - Hohenfels,DR8720575,Bench/Depot Repair,Corrective COR,2018-02-08 06:08:09,9.0,1.0,0.0,300-00635,SEPURA RECHARGEABLE Li-Polymer Battery 7.4V,REPAIRABLE,1.0
61359,71-06,JMRC Instrumentation System,Germany - Hohenfels,DR8720576,Bench/Depot Repair,Corrective COR,2018-02-08 06:08:15,9.0,1.0,0.0,300-00635,SEPURA RECHARGEABLE Li-Polymer Battery 7.4V,REPAIRABLE,1.0
61360,71-06,JMRC Instrumentation System,Germany - Hohenfels,DR8720577,Bench/Depot Repair,Corrective COR,2018-02-08 06:08:13,9.0,1.0,0.0,300-00635,SEPURA RECHARGEABLE Li-Polymer Battery 7.4V,REPAIRABLE,1.0
61361,71-06,JMRC Instrumentation System,Germany - Hohenfels,DR8720578,Bench/Depot Repair,Corrective COR,2018-02-08 06:08:14,9.0,1.0,0.0,300-00635,SEPURA RECHARGEABLE Li-Polymer Battery 7.4V,REPAIRABLE,1.0
61362,71-06,JMRC Instrumentation System,Germany - Hohenfels,DR8720579,Bench/Depot Repair,Corrective COR,2018-02-08 06:08:16,9.0,1.0,0.0,300-00635,SEPURA RECHARGEABLE Li-Polymer Battery 7.4V,REPAIRABLE,1.0
61363,71-06,JMRC Instrumentation System,Germany - Hohenfels,DR8720580,Bench/Depot Repair,Corrective COR,2018-02-08 06:08:13,9.0,1.0,0.0,300-00635,SEPURA RECHARGEABLE Li-Polymer Battery 7.4V,REPAIRABLE,1.0
61364,71-06,JMRC Instrumentation System,Germany - Hohenfels,DR8720581,Bench/Depot Repair,Corrective COR,2018-02-08 06:08:15,9.0,1.0,0.0,300-00635,SEPURA RECHARGEABLE Li-Polymer Battery 7.4V,REPAIRABLE,1.0
61365,71-06,JMRC Instrumentation System,Germany - Hohenfels,DR8720582,Bench/Depot Repair,Corrective COR,2018-02-08 06:08:16,9.0,1.0,0.0,300-00635,SEPURA RECHARGEABLE Li-Polymer Battery 7.4V,REPAIRABLE,1.0
61366,71-06,JMRC Instrumentation System,Germany - Hohenfels,DR8720583,Bench/Depot Repair,Corrective COR,2018-02-08 06:08:17,9.0,1.0,0.0,300-00635,SEPURA RECHARGEABLE Li-Polymer Battery 7.4V,REPAIRABLE,1.0
61367,71-06,JMRC Instrumentation System,Germany - Hohenfels,DR8720584,Bench/Depot Repair,Corrective COR,2018-02-08 06:08:19,9.0,1.0,0.0,300-00635,SEPURA RECHARGEABLE Li-Polymer Battery 7.4V,REPAIRABLE,1.0
61381,71-06,JMRC Instrumentation System,Germany - Hohenfels,DR8737917,Bench/Depot Repair,Corrective COR,2018-02-21 05:00:16,9.0,1.0,0.0,300-00635,SEPURA RECHARGEABLE Li-Polymer Battery 7.4V,REPAIRABLE,1.0
61382,71-06,JMRC Instrumentation System,Germany - Hohenfels,DR8737918,Bench/Depot Repair,Corrective COR,2018-02-21 05:00:10,9.0,1.0,0.0,300-00635,SEPURA RECHARGEABLE Li-Polymer Battery 7.4V,REPAIRABLE,1.0
61383,71-06,JMRC Instrumentation System,Germany - Hohenfels,DR8737919,Bench/Depot Repair,Corrective COR,2018-02-21 05:00:11,9.0,1.0,0.0,300-00635,SEPURA RECHARGEABLE Li-Polymer Battery 7.4V,REPAIRABLE,1.0
61384,71-06,JMRC Instrumentation System,Germany - Hohenfels,DR8737920,Bench/Depot Repair,Corrective COR,2018-02-21 05:00:10,9.0,1.0,0.0,300-00635,SEPURA RECHARGEABLE Li-Polymer Battery 7.4V,REPAIRABLE,1.0
61385,71-06,JMRC Instrumentation System,Germany - Hohenfels,DR8737921,Bench/Depot Repair,Corrective COR,2018-02-21 05:00:12,9.0,1.0,0.0,300-00635,SEPURA RECHARGEABLE Li-Polymer Battery 7.4V,REPAIRABLE,1.0
61386,71-06,JMRC Instrumentation System,Germany - Hohenfels,DR8737922,Bench/Depot Repair,Corrective COR,2018-02-21 05:00:11,9.0,1.0,0.0,300-00635,SEPURA RECHARGEABLE Li-Polymer Battery 7.4V,REPAIRABLE,1.0
61387,71-06,JMRC Instrumentation System,Germany - Hohenfels,DR8737923,Bench/Depot Repair,Corrective COR,2018-02-21 05:00:12,9.0,1.0,0.0,300-00635,SEPURA RECHARGEABLE Li-Polymer Battery 7.4V,REPAIRABLE,1.0
61388,71-06,JMRC Instrumentation System,Germany - Hohenfels,DR8737924,Bench/Depot Repair,Corrective COR,2018-02-21 05:00:13,9.0,1.0,0.0,300-00635,SEPURA RECHARGEABLE Li-Polymer Battery 7.4V,REPAIRABLE,1.0
61389,71-06,JMRC Instrumentation System,Germany - Hohenfels,DR8737925,Bench/Depot Repair,Corrective COR,2018-02-21 05:00:14,9.0,1.0,0.0,300-00635,SEPURA RECHARGEABLE Li-Polymer Battery 7.4V,REPAIRABLE,1.0
61390,71-06,JMRC Instrumentation System,Germany - Hohenfels,DR8737926,Bench/Depot Repair,Corrective COR,2018-02-21 05:00:17,9.0,1.0,0.0,300-00635,SEPURA RECHARGEABLE Li-Polymer Battery 7.4V,REPAIRABLE,1.0
61391,71-06,JMRC Instrumentation System,Germany - Hohenfels,DR8737927,Bench/Depot Repair,Corrective COR,2018-02-21 05:00:21,9.0,1.0,0.0,300-00635,SEPURA RECHARGEABLE Li-Polymer Battery 7.4V,REPAIRABLE,1.0
61392,71-06,JMRC Instrumentation System,Germany - Hohenfels,DR8737928,Bench/Depot Repair,Corrective COR,2018-02-21 05:00:26,9.0,1.0,0.0,300-00635,SEPURA RECHARGEABLE Li-Polymer Battery 7.4V,REPAIRABLE,1.0
61393,71-06,JMRC Instrumentation System,Germany - Hohenfels,DR8737929,Bench/Depot Repair,Corrective COR,2018-02-21 05:00:28,9.0,1.0,0.0,300-00635,SEPURA RECHARGEABLE Li-Polymer Battery 7.4V,REPAIRABLE,1.0
61394,71-06,JMRC Instrumentation System,Germany - Hohenfels,DR8737930,Bench/Depot Repair,Corrective COR,2018-02-21 05:00:29,9.0,1.0,0.0,300-00635,SEPURA RECHARGEABLE Li-Polymer Battery 7.4V,REPAIRABLE,1.0
61395,71-06,JMRC Instrumentation System,Germany - Hohenfels,DR8737931,Bench/Depot Repair,Corrective COR,2018-02-21 05:00:31,9.0,1.0,0.0,300-00635,SEPURA RECHARGEABLE Li-Polymer Battery 7.4V,REPAIRABLE,1.0
61396,71-06,JMRC Instrumentation System,Germany - Hohenfels,DR8737932,Bench/Depot Repair,Corrective COR,2018-02-21 05:00:12,9.0,1.0,0.0,300-00635,SEPURA RECHARGEABLE Li-Polymer Battery 7.4V,REPAIRABLE,1.0
61397,71-06,JMRC Instrumentation System,Germany - Hohenfels,DR8737933,Bench/Depot Repair,Corrective COR,2018-02-21 05:00:13,9.0,1.0,0.0,300-00635,SEPURA RECHARGEABLE Li-Polymer Battery 7.4V,REPAIRABLE,1.0
61398,71-06,JMRC Instrumentation System,Germany - Hohenfels,DR8737934,Bench/Depot Repair,Corrective COR,2018-02-21 05:00:14,9.0,1.0,0.0,300-00635,SEPURA RECHARGEABLE Li-Polymer Battery 7.4V,REPAIRABLE,1.0
61399,71-06,JMRC Instrumentation System,Germany - Hohenfels,DR8737935,Bench/Depot Repair,Corrective COR,2018-02-21 05:00:15,9.0,1.0,0.0,300-00635,SEPURA RECHARGEABLE Li-Polymer Battery 7.4V,REPAIRABLE,1.0
61400,71-06,JMRC Instrumentation System,Germany - Hohenfels,DR8737936,Bench/Depot Repair,Corrective COR,2018-02-21 05:00:17,9.0,1.0,0.0,300-00635,SEPURA RECHARGEABLE Li-Polymer Battery 7.4V,REPAIRABLE,1.0
61401,71-06,JMRC Instrumentation System,Germany - Hohenfels,DR8737937,Bench/Depot Repair,Corrective COR,2018-02-21 05:00:19,9.0,1.0,0.0,300-00635,SEPURA RECHARGEABLE Li-Polymer Battery 7.4V,REPAIRABLE,1.0
61402,71-06,JMRC Instrumentation System,Germany - Hohenfels,DR8737938,Bench/Depot Repair,Corrective COR,2018-02-21 05:00:20,9.0,1.0,0.0,300-00635,SEPURA RECHARGEABLE Li-Polymer Battery 7.4V,REPAIRABLE,1.0
61403,71-06,JMRC Instrumentation System,Germany - Hohenfels,DR8737939,Bench/Depot Repair,Corrective COR,2018-02-21 05:00:22,9.0,1.0,0.0,300-00635,SEPURA RECHARGEABLE Li-Polymer Battery 7.4V,REPAIRABLE,1.0
61404,71-06,JMRC Instrumentation System,Germany - Hohenfels,DR8737940,Bench/Depot Repair,Corrective COR,2018-02-21 05:00:25,9.0,1.0,0.0,300-00635,SEPURA RECHARGEABLE Li-Polymer Battery 7.4V,REPAIRABLE,1.0
61405,71-06,JMRC Instrumentation System,Germany - Hohenfels,DR8737941,Bench/Depot Repair,Corrective COR,2018-02-21 05:00:27,9.0,1.0,0.0,300-00635,SEPURA RECHARGEABLE Li-Polymer Battery 7.4V,REPAIRABLE,1.0
61406,71-06,JMRC Instrumentation System,Germany - Hohenfels,DR8737942,Bench/Depot Repair,Corrective COR,2018-02-21 05:00:13,9.0,1.0,0.0,300-00635,SEPURA RECHARGEABLE Li-Polymer Battery 7.4V,REPAIRABLE,1.0
61407,71-06,JMRC Instrumentation System,Germany - Hohenfels,DR8737943,Bench/Depot Repair,Corrective COR,2018-02-21 05:00:15,9.0,1.0,0.0,300-00635,SEPURA RECHARGEABLE Li-Polymer Battery 7.4V,REPAIRABLE,1.0
61408,71-06,JMRC Instrumentation System,Germany - Hohenfels,DR8737944,Bench/Depot Repair,Corrective COR,2018-02-21 05:00:19,9.0,1.0,0.0,300-00635,SEPURA RECHARGEABLE Li-Polymer Battery 7.4V,REPAIRABLE,1.0
61409,71-06,JMRC Instrumentation System,Germany - Hohenfels,DR8737945,Bench/Depot Repair,Corrective COR,2018-02-21 05:00:25,9.0,1.0,0.0,300-00635,SEPURA RECHARGEABLE Li-Polymer Battery 7.4V,REPAIRABLE,1.0
61410,71-06,JMRC Instrumentation System,Germany - Hohenfels,DR8737946,Bench/Depot Repair,Corrective COR,2018-02-21 05:00:26,9.0,1.0,0.0,300-00635,SEPURA RECHARGEABLE Li-Polymer Battery 7.4V,REPAIRABLE,1.0
61411,71-06,JMRC Instrumentation System,Germany - Hohenfels,DR8737947,Bench/Depot Repair,Corrective COR,2018-02-21 05:00:28,9.0,1.0,0.0,300-00635,SEPURA RECHARGEABLE Li-Polymer Battery 7.4V,REPAIRABLE,1.0
61412,71-06,JMRC Instrumentation System,Germany - Hohenfels,DR8737948,Bench/Depot Repair,Corrective COR,2018-02-21 05:00:30,9.0,1.0,0.0,300-00635,SEPURA RECHARGEABLE Li-Polymer Battery 7.4V,REPAIRABLE,1.0
61413,71-06,JMRC Instrumentation System,Germany - Hohenfels,DR8737949,Bench/Depot Repair,Corrective COR,2018-02-21 05:00:31,9.0,1.0,0.0,300-00635,SEPURA RECHARGEABLE Li-Polymer Battery 7.4V,REPAIRABLE,1.0
61414,71-06,JMRC Instrumentation System,Germany - Hohenfels,DR8737950,Bench/Depot Repair,Corrective COR,2018-02-21 05:00:32,9.0,1.0,0.0,300-00635,SEPURA RECHARGEABLE Li-Polymer Battery 7.4V,REPAIRABLE,1.0
61415,71-06,JMRC Instrumentation System,Germany - Hohenfels,DR8737951,Bench/Depot Repair,Corrective COR,2018-02-21 05:00:33,9.0,1.0,0.0,300-00635,SEPURA RECHARGEABLE Li-Polymer Battery 7.4V,REPAIRABLE,1.0
61416,71-06,JMRC Instrumentation System,Germany - Hohenfels,DR8737952,Bench/Depot Repair,Corrective COR,2018-02-21 05:00:14,9.0,1.0,0.0,300-00635,SEPURA RECHARGEABLE Li-Polymer Battery 7.4V,REPAIRABLE,1.0
61417,71-06,JMRC Instrumentation System,Germany - Hohenfels,DR8737953,Bench/Depot Repair,Corrective COR,2018-02-21 05:00:16,9.0,1.0,0.0,300-00635,SEPURA RECHARGEABLE Li-Polymer Battery 7.4V,REPAIRABLE,1.0
61418,71-06,JMRC Instrumentation System,Germany - Hohenfels,DR8737954,Bench/Depot Repair,Corrective COR,2018-02-21 05:00:20,9.0,1.0,0.0,300-00635,SEPURA RECHARGEABLE Li-Polymer Battery 7.4V,REPAIRABLE,1.0
61419,71-06,JMRC Instrumentation System,Germany - Hohenfels,DR8737955,Bench/Depot Repair,Corrective COR,2018-02-21 05:00:26,9.0,1.0,0.0,300-00635,SEPURA RECHARGEABLE Li-Polymer Battery 7.4V,REPAIRABLE,1.0
61420,71-06,JMRC Instrumentation System,Germany - Hohenfels,DR8737956,Bench/Depot Repair,Corrective COR,2018-02-21 05:00:29,9.0,1.0,0.0,300-00635,SEPURA RECHARGEABLE Li-Polymer Battery 7.4V,REPAIRABLE,1.0
61421,71-06,JMRC Instrumentation System,Germany - Hohenfels,DR8737957,Bench/Depot Repair,Corrective COR,2018-02-21 05:00:30,9.0,1.0,0.0,300-00635,SEPURA RECHARGEABLE Li-Polymer Battery 7.4V,REPAIRABLE,1.0
61422,71-06,JMRC Instrumentation System,Germany - Hohenfels,DR8737958,Bench/Depot Repair,Corrective COR,2018-02-21 05:00:31,9.0,1.0,0.0,300-00635,SEPURA RECHARGEABLE Li-Polymer Battery 7.4V,REPAIRABLE,1.0
61423,71-06,JMRC Instrumentation System,Germany - Hohenfels,DR8737959,Bench/Depot Repair,Corrective COR,2018-02-21 05:00:33,9.0,1.0,0.0,300-00635,SEPURA RECHARGEABLE Li-Polymer Battery 7.4V,REPAIRABLE,1.0
61424,71-06,JMRC Instrumentation System,Germany - Hohenfels,DR8737960,Bench/Depot Repair,Corrective COR,2018-02-21 05:00:34,9.0,1.0,0.0,300-00635,SEPURA RECHARGEABLE Li-Polymer Battery 7.4V,REPAIRABLE,1.0
61425,71-06,JMRC Instrumentation System,Germany - Hohenfels,DR8737961,Bench/Depot Repair,Corrective COR,2018-02-21 05:00:35,9.0,1.0,0.0,300-00635,SEPURA RECHARGEABLE Li-Polymer Battery 7.4V,REPAIRABLE,1.0
61426,71-06,JMRC Instrumentation System,Germany - Hohenfels,DR8737962,Bench/Depot Repair,Corrective COR,2018-02-21 05:00:18,9.0,1.0,0.0,300-00635,SEPURA RECHARGEABLE Li-Polymer Battery 7.4V,REPAIRABLE,1.0
61427,71-06,JMRC Instrumentation System,Germany - Hohenfels,DR8737963,Bench/Depot Repair,Corrective COR,2018-02-21 05:00:20,9.0,1.0,0.0,300-00635,SEPURA RECHARGEABLE Li-Polymer Battery 7.4V,REPAIRABLE,1.0
61428,71-06,JMRC Instrumentation System,Germany - Hohenfels,DR8737964,Bench/Depot Repair,Corrective COR,2018-02-21 05:00:21,9.0,1.0,0.0,300-00635,SEPURA RECHARGEABLE Li-Polymer Battery 7.4V,REPAIRABLE,1.0
61429,71-06,JMRC Instrumentation System,Germany - Hohenfels,DR8737965,Bench/Depot Repair,Corrective COR,2018-02-21 05:00:24,9.0,1.0,0.0,300-00635,SEPURA RECHARGEABLE Li-Polymer Battery 7.4V,REPAIRABLE,1.0
